-- =====================================================================
-- LP Development - Seed full (generado desde Excel inicial)
-- 14 empresas · 35 proyectos · 212 empleados
-- =====================================================================

-- 1) Empresas
insert into companies (id, name, legal_name, country_code, timezone, is_active) values
  ('679e220b-f305-fa2a-4fca-ee49fb626dde', 'ANACRIS INVESTMENTS', 'ANACRIS INVESTMENTS, S.A.', 'PA', 'America/Panama', true),
  ('37af5d88-b829-5fc4-aafb-c31b56066192', 'AV1 CORP', 'AV1 CORP, S.A.', 'PA', 'America/Panama', true),
  ('015e5880-437e-4d6e-96b9-949176294676', 'BAY CLUB CORP', 'BAY CLUB CORP, S.A.', 'PA', 'America/Panama', true),
  ('12f06974-9b15-97f0-faed-96c54163a00e', 'BELLAVISTA', 'BELLAVISTA, S.A.', 'PA', 'America/Panama', true),
  ('1bcf889b-a66e-2828-99e5-7b3a12ce8567', 'BOSQUES DE SANTA MARIA', 'BOSQUES DE SANTA MARIA, S.A.', 'PA', 'America/Panama', true),
  ('9f2d1307-263b-9f27-d6d4-3acc20ae7f34', 'CIA INSULAR', 'CIA INSULAR, S.A.', 'PA', 'America/Panama', true),
  ('af9ac752-5bbc-adbc-e5ac-1be50ca0aaed', 'Desarrollo Playa Dorada 1', 'Desarrollo Playa Dorada 1, S.A.', 'PA', 'America/Panama', true),
  ('8deffeee-8c21-9368-9a4e-597ba9db1297', 'Dolphy 21 S.A.', 'Dolphy 21 S.A., S.A.', 'PA', 'America/Panama', true),
  ('f50f4062-44f3-7733-054b-92cb1b95bb38', 'GLP Property Management', 'GLP Property Management, S.A.', 'PA', 'America/Panama', true),
  ('989d6e5a-8c15-a1fa-66c5-74bff86c8c6b', 'LP Development Corp', 'LP Development Corp, S.A.', 'PA', 'America/Panama', true),
  ('742ce926-ed52-ed75-03f4-4d9ce82f2664', 'Panama Viejo Development', 'Panama Viejo Development, S.A.', 'PA', 'America/Panama', true),
  ('a885615c-e839-963a-17a9-57ed1779cb8c', 'Playa Escondida Beach Front', 'Playa Escondida Beach Front, S.A.', 'PA', 'America/Panama', true),
  ('07748192-6f9b-0097-a92b-2a1d1365dcfd', 'Santa Maria Development', 'Santa Maria Development, S.A.', 'PA', 'America/Panama', true),
  ('06bc46b3-76c7-6129-6f91-06cfa19b92b2', 'SERVICIOS PROFESIONALES', 'SERVICIOS PROFESIONALES, S.A.', 'PA', 'America/Panama', true)
on conflict (id) do nothing;

-- 2) Política por defecto en cada empresa (basada en Código de Trabajo de Panamá)
insert into vacation_policies (company_id, name, is_default, accrual_days_per_month, max_accumulated_periods, allow_fraction, max_fractions, advance_notice_days, payment_lead_days, payment_calc_basis, approval_levels) values
  ('679e220b-f305-fa2a-4fca-ee49fb626dde', 'Política estándar Panamá (Art. 54)', true, 2.7272, 2, false, 2, 60, 3, 'avg_11m', 1),
  ('37af5d88-b829-5fc4-aafb-c31b56066192', 'Política estándar Panamá (Art. 54)', true, 2.7272, 2, false, 2, 60, 3, 'avg_11m', 1),
  ('015e5880-437e-4d6e-96b9-949176294676', 'Política estándar Panamá (Art. 54)', true, 2.7272, 2, false, 2, 60, 3, 'avg_11m', 1),
  ('12f06974-9b15-97f0-faed-96c54163a00e', 'Política estándar Panamá (Art. 54)', true, 2.7272, 2, false, 2, 60, 3, 'avg_11m', 1),
  ('1bcf889b-a66e-2828-99e5-7b3a12ce8567', 'Política estándar Panamá (Art. 54)', true, 2.7272, 2, false, 2, 60, 3, 'avg_11m', 1),
  ('9f2d1307-263b-9f27-d6d4-3acc20ae7f34', 'Política estándar Panamá (Art. 54)', true, 2.7272, 2, false, 2, 60, 3, 'avg_11m', 1),
  ('af9ac752-5bbc-adbc-e5ac-1be50ca0aaed', 'Política estándar Panamá (Art. 54)', true, 2.7272, 2, false, 2, 60, 3, 'avg_11m', 1),
  ('8deffeee-8c21-9368-9a4e-597ba9db1297', 'Política estándar Panamá (Art. 54)', true, 2.7272, 2, false, 2, 60, 3, 'avg_11m', 1),
  ('f50f4062-44f3-7733-054b-92cb1b95bb38', 'Política estándar Panamá (Art. 54)', true, 2.7272, 2, false, 2, 60, 3, 'avg_11m', 1),
  ('989d6e5a-8c15-a1fa-66c5-74bff86c8c6b', 'Política estándar Panamá (Art. 54)', true, 2.7272, 2, false, 2, 60, 3, 'avg_11m', 1),
  ('742ce926-ed52-ed75-03f4-4d9ce82f2664', 'Política estándar Panamá (Art. 54)', true, 2.7272, 2, false, 2, 60, 3, 'avg_11m', 1),
  ('a885615c-e839-963a-17a9-57ed1779cb8c', 'Política estándar Panamá (Art. 54)', true, 2.7272, 2, false, 2, 60, 3, 'avg_11m', 1),
  ('07748192-6f9b-0097-a92b-2a1d1365dcfd', 'Política estándar Panamá (Art. 54)', true, 2.7272, 2, false, 2, 60, 3, 'avg_11m', 1),
  ('06bc46b3-76c7-6129-6f91-06cfa19b92b2', 'Política estándar Panamá (Art. 54)', true, 2.7272, 2, false, 2, 60, 3, 'avg_11m', 1)
on conflict do nothing;

-- 3) Proyectos
create table if not exists projects (
  id          uuid primary key default uuid_generate_v4(),
  company_id  uuid not null references companies(id) on delete cascade,
  code        text,
  name        text not null,
  is_active   boolean not null default true,
  created_at  timestamptz not null default now()
);
alter table employees add column if not exists project_id uuid references projects(id);
alter table employees add column if not exists preferred_vacation_month text;

insert into projects (id, company_id, name) values
  ('3e05ce21-7145-dad8-3e2c-d1ed75418383', '679e220b-f305-fa2a-4fca-ee49fb626dde', 'SEAHILLS (PLAYA CARACOL)'),
  ('f7c95687-cf44-093e-b100-7c03b4ff9a0e', '37af5d88-b829-5fc4-aafb-c31b56066192', 'PH ALVAN'),
  ('d8fbbbb3-3955-e8c6-6af6-5df8759da196', '015e5880-437e-4d6e-96b9-949176294676', 'PLAYA DORADA BEACH CLUB'),
  ('73e79f3b-4210-7a63-ece7-117631f139e4', '12f06974-9b15-97f0-faed-96c54163a00e', 'ARMONIA'),
  ('edd7ed59-3c07-3930-0974-1faae0b8d1f5', '1bcf889b-a66e-2828-99e5-7b3a12ce8567', 'BOSQUES'),
  ('0438bfcd-93eb-5c0c-5d17-480948091126', '1bcf889b-a66e-2828-99e5-7b3a12ce8567', 'PERMISOS'),
  ('b8e7be6e-5242-01a3-8b9b-f06097db9c12', '9f2d1307-263b-9f27-d6d4-3acc20ae7f34', 'OCEAN REEF ISLANDS'),
  ('18048f46-0b58-5a3a-cc77-4938148fbf36', '9f2d1307-263b-9f27-d6d4-3acc20ae7f34', 'PERMISOS'),
  ('f73244a1-5c60-2bde-8c13-0e31a93a681f', 'af9ac752-5bbc-adbc-e5ac-1be50ca0aaed', 'PLAYA DORADA'),
  ('c4b65a4b-25a3-aae3-78db-a992a74eb82d', 'af9ac752-5bbc-adbc-e5ac-1be50ca0aaed', 'PLAYA DORADA '),
  ('7be6dd91-5f3d-5dfa-ecf2-8e90bda2391d', '8deffeee-8c21-9368-9a4e-597ba9db1297', 'OCEANA'),
  ('deaef5d5-1924-0ee1-0010-27cca22f561f', '8deffeee-8c21-9368-9a4e-597ba9db1297', 'OCEANA '),
  ('6ae7801b-8d96-a534-91e5-c686608328f7', '8deffeee-8c21-9368-9a4e-597ba9db1297', 'PERMISOS'),
  ('7dcfb103-8f03-43ce-cc77-8ef0e94e0233', 'f50f4062-44f3-7733-054b-92cb1b95bb38', 'SUPREME STORAGE'),
  ('925d53ca-7ab7-0f2f-d878-deb41d5a8ef9', 'f50f4062-44f3-7733-054b-92cb1b95bb38', 'PROPERTY PANAMA VIEJO'),
  ('d8d67f60-1042-5fa0-e704-172d356f0d1b', 'f50f4062-44f3-7733-054b-92cb1b95bb38', 'SERVICIOS CONEXOS'),
  ('306f8595-ed60-a2bf-6c0c-e6f16560239c', 'f50f4062-44f3-7733-054b-92cb1b95bb38', 'PROPERTY'),
  ('72799c8a-7dc6-690a-39a8-6221e04e4fd6', 'f50f4062-44f3-7733-054b-92cb1b95bb38', 'PROPERTY COCO PLACE'),
  ('e102cee7-17c4-1c8a-10e4-0647f08e9118', 'f50f4062-44f3-7733-054b-92cb1b95bb38', 'PROPERTY '),
  ('7113e7da-ffc7-4b8b-3e79-850290ddd146', 'f50f4062-44f3-7733-054b-92cb1b95bb38', 'PROPERTY OCEAN HOUSE'),
  ('0fa52ab6-909e-f80a-838b-278dd23d0e9d', 'f50f4062-44f3-7733-054b-92cb1b95bb38', 'PMA VIEJO / SUPREME STORAGE'),
  ('0fd36072-5418-05ba-79a2-a4a586a82f77', '989d6e5a-8c15-a1fa-66c5-74bff86c8c6b', 'ADMINISTRACION COMERCIAL'),
  ('fe0cbc10-72cd-d2d4-61f6-052be8368812', '989d6e5a-8c15-a1fa-66c5-74bff86c8c6b', 'VENTAS'),
  ('4006fcc6-b976-b11a-eeb1-5b44c04e0712', '989d6e5a-8c15-a1fa-66c5-74bff86c8c6b', 'PRESUPUESTO Y COMPRAS'),
  ('de0b20fd-c857-3f82-6bca-bd2068018ced', '989d6e5a-8c15-a1fa-66c5-74bff86c8c6b', 'INVERSION Y DESARROLLO '),
  ('e66c768f-1cdb-101d-0844-fe34daa8e06f', '989d6e5a-8c15-a1fa-66c5-74bff86c8c6b', 'MERCADEO'),
  ('a3b25f9c-1896-ae8a-3c7c-a0df2f5feacd', '989d6e5a-8c15-a1fa-66c5-74bff86c8c6b', 'PERMISOS'),
  ('0b447b43-5277-e935-4899-ffd7f0067920', '742ce926-ed52-ed75-03f4-4d9ce82f2664', 'PANAMA VIEJO'),
  ('854fb47c-016a-cee7-a553-5bdf420a8b22', 'a885615c-e839-963a-17a9-57ed1779cb8c', 'PLAYA CARACOL'),
  ('68ad579a-fb56-51b8-9ad9-7e778eb38c3f', 'a885615c-e839-963a-17a9-57ed1779cb8c', 'PLAYA CARACOL '),
  ('5f01b463-fd65-716e-5858-6776c13e7774', 'a885615c-e839-963a-17a9-57ed1779cb8c', 'PLAYA CARACOL-HOSPITALIDAD'),
  ('b28dd0e4-7e8d-636c-be89-273a5f413f27', 'a885615c-e839-963a-17a9-57ed1779cb8c', 'TIENDA CASCO ANTIGUO'),
  ('fa533c63-5c95-dfdc-e51f-75ec919287a8', 'a885615c-e839-963a-17a9-57ed1779cb8c', 'PERMISOS'),
  ('50085fbe-a7a4-5ebe-f4c2-b0a93e14e58a', '07748192-6f9b-0097-a92b-2a1d1365dcfd', 'THE RESERVE'),
  ('806ec1d8-ced0-8c8a-633d-d8766f26c781', '06bc46b3-76c7-6129-6f91-06cfa19b92b2', 'LP Development Corp')
on conflict (id) do nothing;

-- 4) Empleados
insert into employees (id, company_id, project_id, employee_code, first_name, last_name, email, national_id, position, hire_date, preferred_vacation_month, status) values
  ('223e0f01-a429-6dc1-fb04-c304b07a63f8', '679e220b-f305-fa2a-4fca-ee49fb626dde', '3e05ce21-7145-dad8-3e2c-d1ed75418383', 'EMP-0001', 'JOSUE', 'ENOC ORTEGA', 'josue.ortega@lpdevelopment.com', '8-1030-1084', 'AYUDANTE GENERAL', '2022-12-16', 'DIC', 'active'),
  ('292e887e-baf6-0da3-5d1d-1f5f083637bc', '679e220b-f305-fa2a-4fca-ee49fb626dde', '3e05ce21-7145-dad8-3e2c-d1ed75418383', 'EMP-0002', 'JUAN', 'GABRIEL DEQUIA MAJORE', 'juan.majore@lpdevelopment.com', '5-713-2079', 'AYUDANTE GENERAL', '2022-12-16', 'DIC', 'active'),
  ('07d7738b-be84-89ce-6f84-2f9122cc620d', '679e220b-f305-fa2a-4fca-ee49fb626dde', '3e05ce21-7145-dad8-3e2c-d1ed75418383', 'EMP-0003', 'KEVIN', 'NOEL HERRERA', 'kevin.herrera@lpdevelopment.com', '8-992-1460', 'AYUDANTE GENERAL', '2025-08-04', 'JUL', 'active'),
  ('59a423d4-bb58-c950-1083-b6a8afe65102', '37af5d88-b829-5fc4-aafb-c31b56066192', 'f7c95687-cf44-093e-b100-7c03b4ff9a0e', 'EMP-0004', 'VICTOR', 'SAMUDIO', 'victor.samudio@lpdevelopment.com', '4-140-932', 'CHOFER APA', '2013-06-01', 'MAY', 'active'),
  ('cf9a08a7-89a1-133e-6a41-787cbcbc1e55', '015e5880-437e-4d6e-96b9-949176294676', 'd8fbbbb3-3955-e8c6-6af6-5df8759da196', 'EMP-0005', 'CARLOS', 'RODRIGUEZ', 'carlos.rodriguez@lpdevelopment.com', '8-876-1860', 'MANTENIMIENTO', '2018-10-01', 'SEP', 'active'),
  ('467ef68e-c7ba-2bf6-abba-81112ea7396a', '015e5880-437e-4d6e-96b9-949176294676', 'd8fbbbb3-3955-e8c6-6af6-5df8759da196', 'EMP-0006', 'JORGE', 'VERGARA', 'jorge.vergara@lpdevelopment.com', '9-743-263', 'SUPERVISOR DE MANTENIMIENTO', '2017-01-03', 'DIC', 'active'),
  ('4e892c4e-db90-26bf-413f-354542983d81', '015e5880-437e-4d6e-96b9-949176294676', 'd8fbbbb3-3955-e8c6-6af6-5df8759da196', 'EMP-0007', 'MARCOS', 'RODRIGUEZ', 'marcos.rodriguez@lpdevelopment.com', '8-993-1992', 'MANTENIMIENTO', '2025-07-05', 'JUN', 'active'),
  ('17129ce4-b477-63a6-7bbc-58a20ee49518', '015e5880-437e-4d6e-96b9-949176294676', 'd8fbbbb3-3955-e8c6-6af6-5df8759da196', 'EMP-0008', 'LEXY', 'LARA', 'lexy.lara@lpdevelopment.com', '8-773-389', 'COORDINADORA DE EXPERIENCIA', '2024-01-17', 'ENE', 'active'),
  ('8fc90d03-f8d5-ca6e-82c6-0c7c19f2de9b', '015e5880-437e-4d6e-96b9-949176294676', 'd8fbbbb3-3955-e8c6-6af6-5df8759da196', 'EMP-0009', 'NATIVIDAD', 'TENORIO', 'natividad.tenorio@lpdevelopment.com', '8-416-558', 'AYUDANTE GENERAL PISCINA', '2015-07-13', 'JUN', 'active'),
  ('56e0c7a7-18ae-4e95-c46b-fed8842d0ccb', '015e5880-437e-4d6e-96b9-949176294676', 'd8fbbbb3-3955-e8c6-6af6-5df8759da196', 'EMP-0010', 'RICARDO', 'TORRES', 'ricardo.torres@lpdevelopment.com', '2-105-2428', 'MANTENIMIENTO', '2016-09-01', 'AGO', 'active'),
  ('cce0c18e-475d-7381-338b-e55d398be582', '015e5880-437e-4d6e-96b9-949176294676', 'd8fbbbb3-3955-e8c6-6af6-5df8759da196', 'EMP-0011', 'LUIS', 'RAMIREZ', 'luis.ramirez@lpdevelopment.com', '8-1001-2469', 'GUARDAVIDA', '2026-05-06', 'ENE', 'active'),
  ('8a18410f-01b1-ed78-680d-83c72a758431', '015e5880-437e-4d6e-96b9-949176294676', 'd8fbbbb3-3955-e8c6-6af6-5df8759da196', 'EMP-0012', 'JESUS', 'BLADIMIR MORELOS', 'jesus.morelos@lpdevelopment.com', '8-942-585', 'ENTRENADOR', '2026-01-08', 'DIC', 'active'),
  ('c64b6267-246c-e9dd-42eb-b9d0e3577b7f', '12f06974-9b15-97f0-faed-96c54163a00e', '73e79f3b-4210-7a63-ece7-117631f139e4', 'EMP-0013', 'ALEXANDER', 'JAVIER MUÑOZ MUÑOZ', 'alexander.munoz@lpdevelopment.com', '8-921-60', 'SUB COORDINADOR DE OBRA', '2021-08-16', 'JUL', 'active'),
  ('a45c4573-b228-bd40-af8f-afa9cfc16ad8', '12f06974-9b15-97f0-faed-96c54163a00e', '73e79f3b-4210-7a63-ece7-117631f139e4', 'EMP-0014', 'GABRIEL', 'OBED CEDEÑO PEREZ', 'gabriel.perez@lpdevelopment.com', '8-791-169', 'SUB COORDINADOR DE OBRA', '2023-02-01', 'ENE', 'active'),
  ('caaf5995-cf1c-1870-12be-de4ff432b84c', '12f06974-9b15-97f0-faed-96c54163a00e', '73e79f3b-4210-7a63-ece7-117631f139e4', 'EMP-0015', 'JENNIFER', 'DANIELA ARANDA', 'jennifer.aranda@lpdevelopment.com', '8-938-1059', 'INSPECTOR DE OBRA BILINGÜE', '2025-02-01', 'ENE', 'active'),
  ('fc8fedee-8a72-95ea-f553-c2b124011293', '12f06974-9b15-97f0-faed-96c54163a00e', '73e79f3b-4210-7a63-ece7-117631f139e4', 'EMP-0016', 'MARICELLE', 'HAYDEE DE SEDAS', 'maricelle.sedas@lpdevelopment.com', '8-803-1801', 'INSPECTOR DE OBRA', '2025-06-02', 'MAY', 'active'),
  ('ec7bc398-2fd4-b9c6-a185-00e1318fb63e', '12f06974-9b15-97f0-faed-96c54163a00e', '73e79f3b-4210-7a63-ece7-117631f139e4', 'EMP-0017', 'OGUEN', 'ESTEBAN CRUZ ACOSTA', 'oguen.acosta@lpdevelopment.com', '6-715-2122', 'GERENTE DE PROYECTO', '2015-04-17', 'MAR', 'active'),
  ('fd1d8f16-5c09-8a31-b2a3-9b4329fdd6a9', '12f06974-9b15-97f0-faed-96c54163a00e', '73e79f3b-4210-7a63-ece7-117631f139e4', 'EMP-0018', 'RAUL', 'GARCIA', 'raul.garcia@lpdevelopment.com', '8-368-668', 'CONSERJE-AYUD.GENERAL', '2024-02-02', 'ENE', 'active'),
  ('8b5ff180-262e-7b01-af83-0ba2b7626c30', '12f06974-9b15-97f0-faed-96c54163a00e', '73e79f3b-4210-7a63-ece7-117631f139e4', 'EMP-0019', 'SOLYMAR', 'SANTANA', 'solymar.santana@lpdevelopment.com', '8-963-1517', 'ASISTENTE DE CAMPO', '2024-08-19', 'JUL', 'active'),
  ('493bda74-f619-7b2c-a545-9054171e5bad', '12f06974-9b15-97f0-faed-96c54163a00e', '73e79f3b-4210-7a63-ece7-117631f139e4', 'EMP-0020', 'YASSIEL', 'EDITH SOLIS AMAYA', 'yassiel.amaya@lpdevelopment.com', '8-905-1238', 'SEGURIDAD OCUPACIONAL', '2020-02-03', 'ENE', 'active'),
  ('cb31d48b-2a9b-a600-18f9-035f4b8dacfd', '12f06974-9b15-97f0-faed-96c54163a00e', '73e79f3b-4210-7a63-ece7-117631f139e4', 'EMP-0021', 'YESENIA', 'LINETH CORTEZ RIOS', 'yesenia.rios@lpdevelopment.com', '8-847-1183', 'ASISTENTE ADMINISTRATIVA', '2017-06-01', 'MAY', 'active'),
  ('46ff0081-5505-07af-1079-7ee48192b0fb', '1bcf889b-a66e-2828-99e5-7b3a12ce8567', 'edd7ed59-3c07-3930-0974-1faae0b8d1f5', 'EMP-0022', 'MARISSEL', 'ROCIO HERNANDEZ CUBILLA', 'marissel.cubilla@lpdevelopment.com', '4-190-735', 'GERENTE DE PROYECTO', '2006-12-11', 'MAR', 'active'),
  ('28f0497d-c4f1-2066-83fd-635d61bf8bd5', '1bcf889b-a66e-2828-99e5-7b3a12ce8567', 'edd7ed59-3c07-3930-0974-1faae0b8d1f5', 'EMP-0023', 'ROXANA', 'MOK GONZALEZ', 'roxana.gonzalez@lpdevelopment.com', '8-706-261', 'COORDINADOR DE PROYECTO', '2012-06-16', 'MAY', 'active'),
  ('2913cb6a-64a8-c60d-7ef3-d5892df10862', '1bcf889b-a66e-2828-99e5-7b3a12ce8567', '0438bfcd-93eb-5c0c-5d17-480948091126', 'EMP-0024', 'VALERIE', 'RACHELLE SANTAMARIA', 'valerie.santamaria@lpdevelopment.com', '4-827-1627', 'ASISTENTE DE TRAMITE', '2026-03-02', 'FEB', 'active'),
  ('23196ebe-7f60-7fb7-f39f-b7c74980fbb8', '9f2d1307-263b-9f27-d6d4-3acc20ae7f34', 'b8e7be6e-5242-01a3-8b9b-f06097db9c12', 'EMP-0025', 'ANDRES', 'ANTONIO ARAUZ', 'andres.arauz@lpdevelopment.com', '8-964-1978', 'INSPECTOR', '2023-12-11', 'NOV', 'active'),
  ('53c4b3f9-8918-86f7-e809-fb34c4068d28', '9f2d1307-263b-9f27-d6d4-3acc20ae7f34', 'b8e7be6e-5242-01a3-8b9b-f06097db9c12', 'EMP-0026', 'CRISTEL', 'BARRIA', 'cristel.barria@lpdevelopment.com', '8-924-2340', 'INSPECTOR DE CAMPO (SEASCAPE Y PASA A THE PALMS)', '2023-03-01', 'FEB', 'active'),
  ('c25b99d8-f374-86a9-e34a-f16059579bb3', '9f2d1307-263b-9f27-d6d4-3acc20ae7f34', 'b8e7be6e-5242-01a3-8b9b-f06097db9c12', 'EMP-0027', 'FLOR', 'DEL CARMEN UREÑA', 'flor.urena@lpdevelopment.com', '8-514-2023', 'INSPECTOR', '2024-04-18', 'MAR', 'active'),
  ('0eb488bc-013b-4394-88f2-60c31f9614c7', '9f2d1307-263b-9f27-d6d4-3acc20ae7f34', 'b8e7be6e-5242-01a3-8b9b-f06097db9c12', 'EMP-0028', 'FULVIA', 'PEÑA CHACON', 'fulvia.chacon@lpdevelopment.com', '2-741-978', 'INSPECTOR DE GARANTIAS Y ACABADOS', '2025-02-17', 'FEB', 'active'),
  ('8b00e65f-4f9f-98a6-b3e7-537583663fae', '9f2d1307-263b-9f27-d6d4-3acc20ae7f34', 'b8e7be6e-5242-01a3-8b9b-f06097db9c12', 'EMP-0029', 'GAD', 'AHIEZER SANCHEZ FIGUEROA', 'gad.figueroa@lpdevelopment.com', '8-784-514', 'ASISTENTE ADMINISTRATIVO', '2024-08-01', 'JUL', 'active'),
  ('2b37a1c2-0155-185b-ee48-fdcd08e66a57', '9f2d1307-263b-9f27-d6d4-3acc20ae7f34', 'b8e7be6e-5242-01a3-8b9b-f06097db9c12', 'EMP-0030', 'GIOVANNA', 'RAQUEL VEGA MC KINNON', 'giovanna.kinnon@lpdevelopment.com', '8-772-1694', 'PRESUPUESTO Y ADMINISTRATIVA', '2016-03-01', 'FEB', 'active'),
  ('5d2964d0-e3b1-eda0-4cff-b3e8c0bb890b', '9f2d1307-263b-9f27-d6d4-3acc20ae7f34', 'b8e7be6e-5242-01a3-8b9b-f06097db9c12', 'EMP-0031', 'ISACK', 'ERBACIO ROMERO GOMEZ', 'isack.gomez@lpdevelopment.com', '8-519-2458', 'INSPECTOR DE OBRA (THE PALMS )', '2012-01-18', 'DIC', 'active'),
  ('cac86d0d-4423-35f3-7fe6-d52da0c4cd93', '9f2d1307-263b-9f27-d6d4-3acc20ae7f34', 'b8e7be6e-5242-01a3-8b9b-f06097db9c12', 'EMP-0032', 'JUAN', 'JOSE GONZALEZ OSSA', 'juan.ossa@lpdevelopment.com', '9-705-1180', 'COORDINADOR DE OBRA', '2013-02-04', 'ENE', 'active'),
  ('bdf7ff0a-a38c-63ec-f332-9ec39052e1f2', '9f2d1307-263b-9f27-d6d4-3acc20ae7f34', 'b8e7be6e-5242-01a3-8b9b-f06097db9c12', 'EMP-0033', 'DANIELA', 'GONZALEZ', 'daniela.gonzalez@lpdevelopment.com', '8-979-876', 'INSPECTOR DE OBRA', '2024-06-17', 'JUN', 'active'),
  ('43374bc6-2217-c358-6f3e-6a1d5dd3e647', '9f2d1307-263b-9f27-d6d4-3acc20ae7f34', 'b8e7be6e-5242-01a3-8b9b-f06097db9c12', 'EMP-0034', 'GISELLE', 'JELENNY TREJOS', 'giselle.trejos@lpdevelopment.com', '8-904-99', 'SEGURIDAD OCUPACIONAL', '2025-09-01', 'AGO', 'active'),
  ('ee6adece-c263-ef80-dcae-274b87384a5d', '9f2d1307-263b-9f27-d6d4-3acc20ae7f34', 'b8e7be6e-5242-01a3-8b9b-f06097db9c12', 'EMP-0035', 'MELISSA', 'BETHANCOURT', 'melissa.bethancourt@lpdevelopment.com', '8-919-377', 'INSPECTOR DE GARANTIA', '2019-08-16', 'JUL', 'active'),
  ('51845854-1625-2b06-1d79-0449f997fe65', '9f2d1307-263b-9f27-d6d4-3acc20ae7f34', '18048f46-0b58-5a3a-cc77-4938148fbf36', 'EMP-0036', 'GLARISBETH', 'AGUILAR', 'glarisbeth.aguilar@lpdevelopment.com', '8-816-1204', 'COORDINADORA DE TRAMITE', '2019-12-03', 'NOV', 'active'),
  ('3553b46a-cb71-b4b9-e661-e5ef9e078ab6', 'af9ac752-5bbc-adbc-e5ac-1be50ca0aaed', 'f73244a1-5c60-2bde-8c13-0e31a93a681f', 'EMP-0037', 'ALEJANDRO', 'CARRION ESCOBAR', 'alejandro.escobar@lpdevelopment.com', '2-702-1613', 'COORDINADOR', '2014-06-02', 'MAY', 'active'),
  ('226bf504-f9ba-44a6-e24f-1389d11591f4', 'af9ac752-5bbc-adbc-e5ac-1be50ca0aaed', 'f73244a1-5c60-2bde-8c13-0e31a93a681f', 'EMP-0038', 'ANA', 'MARIA BEDOYA BETHANCOURT', 'ana.bethancourt@lpdevelopment.com', '2-729-1915', 'INSPECTOR', '2017-09-01', 'AGO', 'active'),
  ('5e94f9e7-7142-96dd-9269-4983090ffd07', 'af9ac752-5bbc-adbc-e5ac-1be50ca0aaed', 'f73244a1-5c60-2bde-8c13-0e31a93a681f', 'EMP-0039', 'HEIDY', 'CORTES', 'heidy.cortes@lpdevelopment.com', '8-724-845', 'INSPECTOR', '2023-06-05', 'MAY', 'active'),
  ('a15c8886-71d8-3e5b-0242-b1e3023cebfc', 'af9ac752-5bbc-adbc-e5ac-1be50ca0aaed', 'f73244a1-5c60-2bde-8c13-0e31a93a681f', 'EMP-0040', 'JOSE', 'ALBERTO MONTENEGRO', 'jose.montenegro@lpdevelopment.com', '8-981-2365', 'INSPECTOR', '2026-04-16', 'ABR', 'active'),
  ('c5ce8064-0235-d7d5-559f-4a9cc4a4eb0b', 'af9ac752-5bbc-adbc-e5ac-1be50ca0aaed', 'f73244a1-5c60-2bde-8c13-0e31a93a681f', 'EMP-0041', 'NILDA', 'ROSA RODRIGUEZ FLORES', 'nilda.flores@lpdevelopment.com', '8-791-1469', 'COORDINADOR DE GARANTIAS', '2014-10-01', 'SEP', 'active'),
  ('28ad5087-434f-4a7d-c5e5-c36382baaa91', 'af9ac752-5bbc-adbc-e5ac-1be50ca0aaed', 'f73244a1-5c60-2bde-8c13-0e31a93a681f', 'EMP-0042', 'VICTOR', 'JOEL VERGARA', 'victor.vergara@lpdevelopment.com', '8-894-839', 'AYUDANTE DE MANTENIMIENTO/CHOFER', '2023-03-06', 'FEB', 'active'),
  ('13b2c0b0-cd2f-b5d5-fd03-199d61214f65', 'af9ac752-5bbc-adbc-e5ac-1be50ca0aaed', 'f73244a1-5c60-2bde-8c13-0e31a93a681f', 'EMP-0043', 'YARICHELL', 'DEL CARMEN RANKIN DE GRACIA', 'yarichell.gracia@lpdevelopment.com', '8-930-2234', 'ASISTENTE ADMINISTRATIVO', '2020-03-03', 'FEB', 'active'),
  ('666f76a3-7926-56de-5654-75d0a592a9ce', 'af9ac752-5bbc-adbc-e5ac-1be50ca0aaed', 'f73244a1-5c60-2bde-8c13-0e31a93a681f', 'EMP-0045', 'DENIS', 'DEL CARMEN TEJADA POVEDA', 'denis.poveda@lpdevelopment.com', '6-701-554', 'COORDINADOR DE PROYECTO', '2025-11-17', 'OCT', 'active'),
  ('ee5fd300-a8ce-e846-da5a-087f565b3494', 'af9ac752-5bbc-adbc-e5ac-1be50ca0aaed', 'f73244a1-5c60-2bde-8c13-0e31a93a681f', 'EMP-0046', 'STEFANIE', 'ZAMORA', 'stefanie.zamora@lpdevelopment.com', '8-753-1797', 'INSPECTOR DE OBRA', '2025-10-16', 'OCT', 'active'),
  ('6456d4d4-ac54-2dfd-9bbf-f40d6814e2ac', 'af9ac752-5bbc-adbc-e5ac-1be50ca0aaed', 'f73244a1-5c60-2bde-8c13-0e31a93a681f', 'EMP-0047', 'EDWIN', 'GONZALEZ', 'edwin.gonzalez@lpdevelopment.com', '8-945-1431', 'AUXILIAR DE MANTENIMIENTO', '2026-02-01', 'ENE', 'active'),
  ('08b280d2-c1fa-8a4a-dd56-0d1abc4f2ce4', 'af9ac752-5bbc-adbc-e5ac-1be50ca0aaed', 'f73244a1-5c60-2bde-8c13-0e31a93a681f', 'EMP-0048', 'JUAN', 'PABLO TACK HERNMAN', 'juan.hernman@lpdevelopment.com', '8-994-2006', 'INSPECTOR DE OBRA', '2026-01-05', NULL, 'active'),
  ('27291d71-bdbd-028b-c268-5f327655a453', '8deffeee-8c21-9368-9a4e-597ba9db1297', '7be6dd91-5f3d-5dfa-ecf2-8e90bda2391d', 'EMP-0049', 'ALEXIS', 'GUSMAN NAVARRO', 'alexis.navarro@lpdevelopment.com', '8-492-640', 'ASISTENTE ADMINISTRATIVO', '2017-05-02', 'ABR', 'active'),
  ('7445a627-2069-8498-eb78-8bb4dd08693b', '8deffeee-8c21-9368-9a4e-597ba9db1297', '7be6dd91-5f3d-5dfa-ecf2-8e90bda2391d', 'EMP-0050', 'CARLOS', 'EDUARDO OBALDIA RODRIGUEZ', 'carlos.rodriguez2@lpdevelopment.com', '2-134-307', 'INSPECTOR SEGURIDAD', '2012-02-27', 'ENE', 'active'),
  ('10c1f72f-58d5-ec0d-4b71-a89915dfbbd5', '8deffeee-8c21-9368-9a4e-597ba9db1297', '7be6dd91-5f3d-5dfa-ecf2-8e90bda2391d', 'EMP-0051', 'EDGAR', 'EMILIO QUINTANA DOMINGUEZ', 'edgar.dominguez@lpdevelopment.com', '8-315-437', 'INSPECTOR', '2020-02-01', 'ENE', 'active'),
  ('c77b09ed-a58c-95b0-9885-950082bac480', '8deffeee-8c21-9368-9a4e-597ba9db1297', '7be6dd91-5f3d-5dfa-ecf2-8e90bda2391d', 'EMP-0052', 'JANELIS', 'SUSSETH GOMEZ GOMEZ', 'janelis.gomez@lpdevelopment.com', '8-861-1599', 'INSPECTOR DE ACABADOS', '2022-12-22', 'NOV', 'active'),
  ('01bb453b-70c3-82f8-29d5-97ab857c672d', '8deffeee-8c21-9368-9a4e-597ba9db1297', '7be6dd91-5f3d-5dfa-ecf2-8e90bda2391d', 'EMP-0053', 'ALFONZO', 'GONZALEZ', 'alfonzo.gonzalez@lpdevelopment.com', '2-721-297', 'COORDINADOR DE PROYECTO', '2024-08-16', 'JUL', 'active'),
  ('d5ae9bf9-6496-fc2a-84fa-2095e13c3360', '8deffeee-8c21-9368-9a4e-597ba9db1297', '7be6dd91-5f3d-5dfa-ecf2-8e90bda2391d', 'EMP-0054', 'STEFHANY', 'HERRERA', 'stefhany.herrera@lpdevelopment.com', '8-898-215', 'INSPECTOR DE OBRA', '2025-06-02', 'MAY', 'active'),
  ('f1a17e78-f313-119a-d503-58730a841b48', '8deffeee-8c21-9368-9a4e-597ba9db1297', '7be6dd91-5f3d-5dfa-ecf2-8e90bda2391d', 'EMP-0055', 'KRISCYA', 'NAKYSHA QUINLAN OMBLER', 'kriscya.ombler@lpdevelopment.com', '8-865-1370', 'INSPECTOR DE OBRA', '2015-07-01', 'JUN', 'active'),
  ('09f208b9-4d39-5224-0b5c-700957650d85', '8deffeee-8c21-9368-9a4e-597ba9db1297', '7be6dd91-5f3d-5dfa-ecf2-8e90bda2391d', 'EMP-0056', 'SERAFIN', 'AGUILAR MENDOZA', 'serafin.mendoza@lpdevelopment.com', '2-736-1726', 'INSPECTOR DE OBRA', '2024-01-03', 'DIC', 'active'),
  ('03488d56-c888-3877-6725-4541d3d9a3a6', '8deffeee-8c21-9368-9a4e-597ba9db1297', '6ae7801b-8d96-a534-91e5-c686608328f7', 'EMP-0057', 'LUZDARY', 'VALERA MATHEUS', 'luzdary.matheus@lpdevelopment.com', '143742539', 'ASISTENTE DE PERMISOS', '2025-03-17', 'MAR', 'active'),
  ('bc20ff12-182d-93b6-84b9-50f5f9a07491', 'f50f4062-44f3-7733-054b-92cb1b95bb38', '7dcfb103-8f03-43ce-cc77-8ef0e94e0233', 'EMP-0058', 'CRISTINA', 'JULIO', 'cristina.julio@lpdevelopment.com', '8-778-1754', 'ASISTENTE CONTABLE', '2024-03-01', 'FEB', 'active'),
  ('ac4fa6aa-e68c-c738-4f3d-785c2b1bc66e', 'f50f4062-44f3-7733-054b-92cb1b95bb38', '7dcfb103-8f03-43ce-cc77-8ef0e94e0233', 'EMP-0059', 'DARYELIS', 'DARELIS RODRIGUEZ', 'daryelis.rodriguez@lpdevelopment.com', '8-1016-977', 'ASISTENTE CONTABLE', '2025-02-03', 'ENE', 'active'),
  ('d917f98c-473c-7385-ba67-5cb4dfa506c8', 'f50f4062-44f3-7733-054b-92cb1b95bb38', '7dcfb103-8f03-43ce-cc77-8ef0e94e0233', 'EMP-0060', 'INCAMALICH', 'NIETO GILL', 'incamalich.gill@lpdevelopment.com', '8-457-169', 'ASISTENTE CONTABLE', '2025-09-16', 'SEP', 'active'),
  ('3b43ef1f-142f-c3fc-d9d2-be37427edb7c', 'f50f4062-44f3-7733-054b-92cb1b95bb38', '7dcfb103-8f03-43ce-cc77-8ef0e94e0233', 'EMP-0061', 'ELSY', 'ROMERO', 'elsy.romero@lpdevelopment.com', '4-132-647', 'CONTADOR (SUPREME)', '2020-11-16', 'OCT', 'active'),
  ('16c26e7b-836e-d161-43f6-af40f848fed1', 'f50f4062-44f3-7733-054b-92cb1b95bb38', '925d53ca-7ab7-0f2f-d878-deb41d5a8ef9', 'EMP-0062', 'ESTEFANY', 'CECILIA TAPIA', 'estefany.tapia@lpdevelopment.com', '4-774-2367', 'ASISTENTE ADMINISTRATIA', '2025-02-10', 'ENE', 'active'),
  ('17ad99ab-51cf-e79b-f9a7-ad0fb56057cd', 'f50f4062-44f3-7733-054b-92cb1b95bb38', 'd8d67f60-1042-5fa0-e704-172d356f0d1b', 'EMP-0063', 'ISABELLA', 'GORMAZ', 'isabella.gormaz@lpdevelopment.com', '8-752-133', 'GERENTE DE NEGOCIOS CONEXOS', '2024-07-15', 'JUN', 'active'),
  ('a93b7e46-b962-198c-79da-7ab979d5d108', 'f50f4062-44f3-7733-054b-92cb1b95bb38', 'd8d67f60-1042-5fa0-e704-172d356f0d1b', 'EMP-0064', 'FREDDY', 'ARAUZ', 'freddy.arauz@lpdevelopment.com', '4-728-1013', 'COORDINADOR DE NEGOCIOS CONEXOS', '2026-02-02', 'ENE', 'active'),
  ('c0d10ba8-7293-2059-fae4-02a70ed485e1', 'f50f4062-44f3-7733-054b-92cb1b95bb38', '306f8595-ed60-a2bf-6c0c-e6f16560239c', 'EMP-0065', 'JESUS', 'ADIEL PINEDA URRIOLA', 'jesus.urriola@lpdevelopment.com', '8-740-1701', 'ANALISTA DE DATOS', '2025-05-05', 'ABR', 'active'),
  ('9820a4ed-74ff-ee6c-5df5-d007f021ee1b', 'f50f4062-44f3-7733-054b-92cb1b95bb38', '306f8595-ed60-a2bf-6c0c-e6f16560239c', 'EMP-0066', 'JHOANA', 'DENISE SANCHEZ', 'jhoana.sanchez@lpdevelopment.com', '8-894-2345', 'ASISTENTE DE VENTAS', '2025-03-06', 'FEB', 'active'),
  ('573b7789-5384-e0b8-e83e-491f19916649', 'f50f4062-44f3-7733-054b-92cb1b95bb38', '72799c8a-7dc6-690a-39a8-6221e04e4fd6', 'EMP-0067', 'JORGE', 'SERRANO', 'jorge.serrano@lpdevelopment.com', '8-787-2439', 'MANTENIMIENTO PROPERTY COCO PLACE', '2022-02-15', 'ENE', 'active'),
  ('f07f0b03-f60a-4304-b37f-d8f8f0e85afb', 'f50f4062-44f3-7733-054b-92cb1b95bb38', '306f8595-ed60-a2bf-6c0c-e6f16560239c', 'EMP-0068', 'JOSE', 'RAUL SOSSA', 'jose.sossa@lpdevelopment.com', '8-798-1980', 'GERENTE FINANCIERO', '2021-08-01', 'JUL', 'active'),
  ('d7e1aa07-002c-cb19-8c0f-d99f84bcfc57', 'f50f4062-44f3-7733-054b-92cb1b95bb38', '306f8595-ed60-a2bf-6c0c-e6f16560239c', 'EMP-0069', 'JULISSA', 'GONZALEZ', 'julissa.gonzalez@lpdevelopment.com', '8-431-183', 'CONTADORA', '2014-01-01', 'DIC', 'active'),
  ('264c7c73-997d-9a00-5445-428bedf8e105', 'f50f4062-44f3-7733-054b-92cb1b95bb38', '306f8595-ed60-a2bf-6c0c-e6f16560239c', 'EMP-0070', 'KATHERINE', 'RIVERA', 'katherine.rivera@lpdevelopment.com', '8-892-1642', 'ANALISTA FINANCIERA', '2024-09-16', 'SEP', 'active'),
  ('cf301adc-ddef-9a03-ebd2-4ad3ac855d0c', 'f50f4062-44f3-7733-054b-92cb1b95bb38', '306f8595-ed60-a2bf-6c0c-e6f16560239c', 'EMP-0071', 'FRANKLIN', 'CAMPOS', 'franklin.campos@lpdevelopment.com', '7-116-336', 'AUXILIAR DE MANTENIMIENTO ARMONIA', '2026-05-04', 'ABR', 'active'),
  ('dcb46f87-a27a-3dc7-c804-a0c0b5cba609', 'f50f4062-44f3-7733-054b-92cb1b95bb38', '306f8595-ed60-a2bf-6c0c-e6f16560239c', 'EMP-0072', 'JOSS', 'EMERSON PÉREZ QUINN', 'joss.quinn@lpdevelopment.com', '8-758-216', 'AUXILIAR DE MANTENIMIENTO PMA VIEJO', '2026-05-04', 'ABR', 'active'),
  ('09c6f94e-153e-73ee-b45c-5e11921a3db6', 'f50f4062-44f3-7733-054b-92cb1b95bb38', '72799c8a-7dc6-690a-39a8-6221e04e4fd6', 'EMP-0073', 'LEYDIS', 'VALDES', 'leydis.valdes@lpdevelopment.com', '8-713-1377', 'ASISTENTE ADMINISTRATIVA COCO PLACE', '2022-09-19', 'AGO', 'active'),
  ('eff8ed58-8acf-fab2-4e79-28c5212de0d9', 'f50f4062-44f3-7733-054b-92cb1b95bb38', '7113e7da-ffc7-4b8b-3e79-850290ddd146', 'EMP-0074', 'MARCO', 'ALEXANDER RIVERA', 'marco.rivera@lpdevelopment.com', '8-785-1404', 'AUXILIAR DE MANTENIMIENTO O. HOUSE', '2026-01-05', 'DIC', 'active'),
  ('40e63c43-ca6e-c063-f634-3908da00e124', 'f50f4062-44f3-7733-054b-92cb1b95bb38', '7dcfb103-8f03-43ce-cc77-8ef0e94e0233', 'EMP-0075', 'NAYELIS', 'YAMILETH MEJIA', 'nayelis.mejia@lpdevelopment.com', '8-976-1818', 'ASISTENTE DE CONTABILIDAD', '2025-04-21', 'ABR', 'active'),
  ('58db6560-81cd-bee3-ada0-b3fa24e7976a', 'f50f4062-44f3-7733-054b-92cb1b95bb38', '306f8595-ed60-a2bf-6c0c-e6f16560239c', 'EMP-0076', 'NESTOR', 'OCTAVIO CAMAÑO', 'nestor.camano@lpdevelopment.com', '8-716-401', 'GERENTE DE MANTENIMIENTO', '2013-02-18', 'ENE', 'active'),
  ('5bdd7ac2-7b6e-93b9-dfda-1d913f594124', 'f50f4062-44f3-7733-054b-92cb1b95bb38', '0fa52ab6-909e-f80a-838b-278dd23d0e9d', 'EMP-0077', 'ROBERTO', 'PINEDA', 'roberto.pineda@lpdevelopment.com', '8-721-1247', 'GERENTE DE SUCURSALES', '2017-08-07', 'JUL', 'active'),
  ('05ec0a1a-7411-bbdf-66a6-2dd57db64752', 'f50f4062-44f3-7733-054b-92cb1b95bb38', '306f8595-ed60-a2bf-6c0c-e6f16560239c', 'EMP-0078', 'SOLEDAD', 'DEL CARMEN GONZALEZ CASTILLO', 'soledad.castillo@lpdevelopment.com', '8-792-289', 'GERENTE ADMINISTRATIVA (PDP - PPM)', '2012-05-28', 'ABR', 'active'),
  ('576658e0-c061-2bcf-347c-2549764b06ff', 'f50f4062-44f3-7733-054b-92cb1b95bb38', '306f8595-ed60-a2bf-6c0c-e6f16560239c', 'EMP-0079', 'OSIRIS', 'KARMILLA NIÑO', 'osiris.nino@lpdevelopment.com', '8-932-2297', 'ADMINISTADOR DE PROPIEDADES', '2026-01-05', 'ENE', 'active'),
  ('502d282e-ba93-64e2-ce41-40af78b8adaf', '989d6e5a-8c15-a1fa-66c5-74bff86c8c6b', '0fd36072-5418-05ba-79a2-a4a586a82f77', 'EMP-0080', 'ADRIAN', 'ALTAMIRANDA PIMENTEL', 'adrian.pimentel@lpdevelopment.com', '8-735-964', 'GERENTE ADMINISTRACION COMERCIAL', '2010-10-04', 'SEP', 'active'),
  ('b37d560e-9501-3112-0f87-3f951dca0c8a', '989d6e5a-8c15-a1fa-66c5-74bff86c8c6b', 'fe0cbc10-72cd-d2d4-61f6-052be8368812', 'EMP-0081', 'ADRIANA', 'BEATRIZ NAVA', 'adriana.nava@lpdevelopment.com', 'E-8-106789', 'EJECUTIVA DE VENTAS', '2025-09-01', 'AGO', 'active'),
  ('8a149230-4c97-af66-392d-6e4ef3786561', '989d6e5a-8c15-a1fa-66c5-74bff86c8c6b', 'fe0cbc10-72cd-d2d4-61f6-052be8368812', 'EMP-0082', 'AFRODITA', 'ANGELKOS VANEGAS', 'afrodita.vanegas@lpdevelopment.com', '8-519-927', 'GENERALISTA DE RRHH', '2025-10-14', 'SEP', 'active'),
  ('031f3600-34c2-54c9-aaf3-cef345d1610f', '989d6e5a-8c15-a1fa-66c5-74bff86c8c6b', 'fe0cbc10-72cd-d2d4-61f6-052be8368812', 'EMP-0083', 'AMARILIS', 'MARTINEZ', 'amarilis.martinez@lpdevelopment.com', '4-234-335', 'EJECUTIVA DE VENTAS', '2026-01-20', 'ENE', 'active'),
  ('077da61a-3fa1-282c-d488-6fa294a61619', '989d6e5a-8c15-a1fa-66c5-74bff86c8c6b', 'fe0cbc10-72cd-d2d4-61f6-052be8368812', 'EMP-0084', 'LUIS', 'CARLOS PUGA', 'luis.puga@lpdevelopment.com', '8-445-656', 'EJECUTIVA DE VENTAS', '2026-04-05', 'ABR', 'active'),
  ('0c034437-2118-c13d-b763-c95fb7e0fac1', '989d6e5a-8c15-a1fa-66c5-74bff86c8c6b', '4006fcc6-b976-b11a-eeb1-5b44c04e0712', 'EMP-0085', 'ANA', 'JULIA URIETA MARTINEZ', 'ana.martinez@lpdevelopment.com', '4-221-755', 'DIRECTORA COMPRAS Y PRESUPUESTO', '2007-04-01', 'MAR', 'active'),
  ('504a885c-323b-212a-6b62-14bd9a3288d0', '989d6e5a-8c15-a1fa-66c5-74bff86c8c6b', 'fe0cbc10-72cd-d2d4-61f6-052be8368812', 'EMP-0086', 'ANA', 'MARIA ARAUZ', 'ana.arauz@lpdevelopment.com', '8-366-755', 'DIRECTORA COMERCIAL', '2000-06-12', 'MAY', 'active'),
  ('8b4534b8-64f2-1ec2-00a0-9f18196b9bba', '989d6e5a-8c15-a1fa-66c5-74bff86c8c6b', 'fe0cbc10-72cd-d2d4-61f6-052be8368812', 'EMP-0087', 'ANDREA', 'BERMUDEZ CEVILLE', 'andrea.ceville@lpdevelopment.com', '8-847-1487', 'ASISTENTE VENTAS INTERNACIONALES', '2025-08-25', 'AGO', 'active'),
  ('5b78344d-9bf6-2999-a75a-17f9b0d39282', '989d6e5a-8c15-a1fa-66c5-74bff86c8c6b', 'fe0cbc10-72cd-d2d4-61f6-052be8368812', 'EMP-0088', 'ARIANNA', 'QUIÑONES', 'arianna.quinones@lpdevelopment.com', 'E-170712293', 'EJECUTIVA DE VENTAS', '2018-11-14', 'OCT', 'active'),
  ('376bdb8f-723d-41e9-0e6c-5cc74e74abe5', '989d6e5a-8c15-a1fa-66c5-74bff86c8c6b', 'fe0cbc10-72cd-d2d4-61f6-052be8368812', 'EMP-0089', 'ARICH', 'NAYLA JIMENEZ MARTINEZ', 'arich.martinez@lpdevelopment.com', '8-827-150', 'EJECUTIVA DE VENTAS', '2018-10-29', 'SEP', 'active'),
  ('a723a194-276f-ce63-e5e0-5c14dd7075e7', '989d6e5a-8c15-a1fa-66c5-74bff86c8c6b', NULL, 'EMP-0090', 'ARMANDO', 'CORREA ARROYO', 'armando.arroyo@lpdevelopment.com', 'E-8-94625', 'GERENTE DE CONTRALORIA', '2008-01-11', 'DIC', 'active'),
  ('87acf877-10dc-c500-87f8-3c0acecef6e9', '989d6e5a-8c15-a1fa-66c5-74bff86c8c6b', '0fd36072-5418-05ba-79a2-a4a586a82f77', 'EMP-0091', 'ARNOLD', 'NATHANIEL PERRY MARTINEZ', 'arnold.martinez@lpdevelopment.com', '8-836-2122', 'OFICIAL DE COBROS', '2023-05-15', 'ABR', 'active'),
  ('58a6d1bc-7e1e-f11c-b99f-d4c1df7c75a2', '989d6e5a-8c15-a1fa-66c5-74bff86c8c6b', NULL, 'EMP-0092', 'ARNULFO', 'MOJICA', 'arnulfo.mojica@lpdevelopment.com', '8-725-1498', 'ASISTENTE FINANCIERO', '2012-09-24', 'AGO', 'active'),
  ('371099fc-5a37-a012-deeb-fc088d9e6863', '989d6e5a-8c15-a1fa-66c5-74bff86c8c6b', NULL, 'EMP-0093', 'BERTA', 'GRACIELA NAVARRO', 'berta.navarro@lpdevelopment.com', '8-510-550', 'ASIST ADTIVA Y DIRECTORA RRHH', '2007-05-02', 'ABR', 'active'),
  ('9d6fa20c-7eb5-064c-24a0-a1bf7f77d352', '989d6e5a-8c15-a1fa-66c5-74bff86c8c6b', NULL, 'EMP-0094', 'BRANDO', 'FULLER', 'brando.fuller@lpdevelopment.com', '2-738-909', 'ANALISTA DE DATOS', '2024-08-19', 'JUL', 'active'),
  ('cd44336e-39de-25f0-2e7f-e6f9b5ef9ea1', '989d6e5a-8c15-a1fa-66c5-74bff86c8c6b', NULL, 'EMP-0095', 'BRAULIO', 'ORTEGA', 'braulio.ortega@lpdevelopment.com', '2-98-2237', 'ASISTENTE FINANCIERO', '2010-06-21', 'MAY', 'active'),
  ('f6074bf7-431b-db99-b402-083ed99bf02c', '989d6e5a-8c15-a1fa-66c5-74bff86c8c6b', 'e66c768f-1cdb-101d-0844-fe34daa8e06f', 'EMP-0096', 'CARLOS', 'OCTAVIO VILLARREAL', 'carlos.villarreal@lpdevelopment.com', NULL, 'EJECUTIVO DE MERCADEO DIGITAL', NULL, NULL, 'active'),
  ('935c7abb-bbf6-6ab5-0778-2d377f9fecd0', '989d6e5a-8c15-a1fa-66c5-74bff86c8c6b', 'e66c768f-1cdb-101d-0844-fe34daa8e06f', 'EMP-0097', 'CARMEN', 'LAFFAURIE', 'carmen.laffaurie@lpdevelopment.com', '8-874-1603', 'COORDINADORA DE LANZAMIENTO DE PROY', '2024-01-02', 'ENE', 'active'),
  ('49caea74-2285-338a-e45a-8fb903be793a', '989d6e5a-8c15-a1fa-66c5-74bff86c8c6b', NULL, 'EMP-0098', 'CECILIA', 'MARIA HERNANDEZ CANTO', 'cecilia.canto@lpdevelopment.com', '8-716-337', 'ASISTENTE ADTIVA Y CONTABLE', '2005-04-04', 'MAR', 'active'),
  ('0d3ec8b7-6722-63fb-704e-d80dea7a587c', '989d6e5a-8c15-a1fa-66c5-74bff86c8c6b', 'fe0cbc10-72cd-d2d4-61f6-052be8368812', 'EMP-0099', 'CLAUDIA', 'LIZETH VALDERRAMA', 'claudia.valderrama@lpdevelopment.com', '8-828-689', 'EJECUTIVO DE VENTAS', '2022-08-16', 'JUL', 'active'),
  ('35d06fe5-8605-e3ab-3a9c-71207387b2d0', '989d6e5a-8c15-a1fa-66c5-74bff86c8c6b', '0fd36072-5418-05ba-79a2-a4a586a82f77', 'EMP-0100', 'CRISTELL', 'MILAGROS NISBETH AMARANTO', 'cristell.amaranto@lpdevelopment.com', '8-961-1983', 'OFICIAL DE CUMPLIMIENTO', '2023-05-16', 'ABR', 'active'),
  ('6fd1f6b6-ebce-eab7-7201-34df3072082e', '989d6e5a-8c15-a1fa-66c5-74bff86c8c6b', NULL, 'EMP-0101', 'CRISTINA', 'BRYAN', 'cristina.bryan@lpdevelopment.com', '8-853-1282', 'RECLUTADOR-ASISTENTE DE RRHH', '2023-03-01', 'FEB', 'active'),
  ('5c950e81-6472-541d-0a69-3fc545a7a892', '989d6e5a-8c15-a1fa-66c5-74bff86c8c6b', 'e66c768f-1cdb-101d-0844-fe34daa8e06f', 'EMP-0102', 'DAIZABET', 'ALEZAIDA RIVERA VELASQUEZ', 'daizabet.velasquez@lpdevelopment.com', '8-889-1682', 'ASISTENTE DE MERCADEO', '2023-04-03', 'MAR', 'active'),
  ('eabf8453-681a-8844-761d-7d6edc462a66', '989d6e5a-8c15-a1fa-66c5-74bff86c8c6b', 'fe0cbc10-72cd-d2d4-61f6-052be8368812', 'EMP-0103', 'DALMA', 'GISELLA MONTERROZA VALLEJO', 'dalma.vallejo@lpdevelopment.com', 'E-8-182532', 'EJECUTIVO DE VENTAS', '2025-06-02', 'MAY', 'active'),
  ('c3f5bfe0-da40-f2b1-7be1-85b02ef40e69', '989d6e5a-8c15-a1fa-66c5-74bff86c8c6b', NULL, 'EMP-0104', 'DALYS', 'LORENA RODRIGUEZ', 'dalys.rodriguez@lpdevelopment.com', '8-839-2203', 'GESTOR DE CUENTAS', '2017-09-14', 'AGO', 'active'),
  ('2325d3ab-f9c5-8999-7b5b-964b2bf1d73c', '989d6e5a-8c15-a1fa-66c5-74bff86c8c6b', NULL, 'EMP-0105', 'DANIEL', 'FERNANDO CHAVARRIA GUERRA', 'daniel.guerra@lpdevelopment.com', '4-768-1276', 'LIDER DE GESTION DE CAMBIOS', '2024-04-08', 'MAR', 'active'),
  ('b4c289bf-da6f-ea98-d554-8d9c941206ae', '989d6e5a-8c15-a1fa-66c5-74bff86c8c6b', 'fe0cbc10-72cd-d2d4-61f6-052be8368812', 'EMP-0106', 'DAVID', 'LEONEL FALCON', 'david.falcon@lpdevelopment.com', '8-911-2320', 'TRABAJADOR MANUAL', '2015-03-04', 'FEB', 'active'),
  ('ced9c8c1-d999-80ec-b274-61c1a5a95cd5', '989d6e5a-8c15-a1fa-66c5-74bff86c8c6b', 'e66c768f-1cdb-101d-0844-fe34daa8e06f', 'EMP-0107', 'DEBORA', 'ESTHER JACKSON', 'debora.jackson@lpdevelopment.com', '8-816-16', 'DIRECTOR DE MEDIOS DIGITALES', '2024-10-07', 'SEP', 'active'),
  ('0b16a7d6-dbdb-c06b-f4a0-6bd71106364c', '989d6e5a-8c15-a1fa-66c5-74bff86c8c6b', 'e66c768f-1cdb-101d-0844-fe34daa8e06f', 'EMP-0108', 'HUMBERTO', 'JUNIOR ZAMORA', 'humberto.zamora@lpdevelopment.com', 'E-8-180706', 'COORDINADOR DE MERCADEO DIGITAL', '2026-05-04', 'MAY', 'active'),
  ('6d7c90ab-56d6-e38c-2080-344f8d78ab9c', '989d6e5a-8c15-a1fa-66c5-74bff86c8c6b', '0fd36072-5418-05ba-79a2-a4a586a82f77', 'EMP-0109', 'DINIA', 'MARIBEL JARAMILLO', 'dinia.jaramillo@lpdevelopment.com', '8-779-242', 'OFICIAL DE COBROS', '2025-06-02', 'MAY', 'active'),
  ('f11966db-c3eb-5a15-142c-c2f721580055', '989d6e5a-8c15-a1fa-66c5-74bff86c8c6b', '0fd36072-5418-05ba-79a2-a4a586a82f77', 'EMP-0110', 'EIKYRA', 'JAZMINE SANTOS ORTIZ', 'eikyra.ortiz@lpdevelopment.com', '8-430-206', 'OFICIAL DE TRAMITES Y COBROS JDLE', '2023-01-10', 'DIC', 'active'),
  ('9c44555f-a3a2-8f75-adcb-d1c54048bb36', '989d6e5a-8c15-a1fa-66c5-74bff86c8c6b', '4006fcc6-b976-b11a-eeb1-5b44c04e0712', 'EMP-0111', 'ELVIS', 'RODRIGUEZ', 'elvis.rodriguez@lpdevelopment.com', '8-797-1222', 'ASISTENTE PRESUPUESTO', '2011-11-01', 'OCT', 'active'),
  ('9e8c12dd-12fc-aec5-6366-5e17a9990836', '989d6e5a-8c15-a1fa-66c5-74bff86c8c6b', '4006fcc6-b976-b11a-eeb1-5b44c04e0712', 'EMP-0112', 'EMELIN', 'RAMIREZ PEREZ', 'emelin.perez@lpdevelopment.com', '8-862-2288', 'ASISTENTE ADMINISTRATIVA', '2017-10-25', 'SEP', 'active'),
  ('6b666a59-94ec-a4c5-6394-eee0088505b0', '989d6e5a-8c15-a1fa-66c5-74bff86c8c6b', '0fd36072-5418-05ba-79a2-a4a586a82f77', 'EMP-0113', 'ENILCA', 'EDITH ESPINOSA GRANT', 'enilca.grant@lpdevelopment.com', '8-728-571', 'EJECUTIVO DE VENTAS', '2025-02-03', 'ENE', 'active'),
  ('bf0068fa-d62c-b491-5b18-67609446e6f2', '989d6e5a-8c15-a1fa-66c5-74bff86c8c6b', '0fd36072-5418-05ba-79a2-a4a586a82f77', 'EMP-0114', 'ERITA', 'HERRERA MENDOZA', 'erita.mendoza@lpdevelopment.com', '8-800-1021', 'ASISTENTE ADMINISTRATIVA BILINGÜE', '2025-04-21', 'ENE', 'active'),
  ('018880d9-9f5e-8b30-b8af-18c53f889e9e', '989d6e5a-8c15-a1fa-66c5-74bff86c8c6b', NULL, 'EMP-0115', 'ESQUIVEL', 'GUEVARA VALENCIA', 'esquivel.valencia@lpdevelopment.com', '9-701-1636', 'MENSAJERO', '2009-04-22', 'MAR', 'active'),
  ('8c662739-518d-d607-07bc-99974b567378', '989d6e5a-8c15-a1fa-66c5-74bff86c8c6b', 'fe0cbc10-72cd-d2d4-61f6-052be8368812', 'EMP-0116', 'EVELIN', 'RUIZ', 'evelin.ruiz@lpdevelopment.com', '8-774-110', 'EJECUTIVO DE VENTAS', '2019-09-10', 'AGO', 'active'),
  ('87a1801d-9fb5-466f-dcea-920a6f8b9757', '989d6e5a-8c15-a1fa-66c5-74bff86c8c6b', NULL, 'EMP-0117', 'FRANCISCO', 'SAPENE', 'sapene@gmail.com', 'B00033623', 'GERENTE DE PLANIFICACION ESTRATEGICA', '2026-05-11', 'MAY', 'active'),
  ('2c982452-5874-e8ee-a265-d2d29437834c', '989d6e5a-8c15-a1fa-66c5-74bff86c8c6b', 'e66c768f-1cdb-101d-0844-fe34daa8e06f', 'EMP-0118', 'GENESIS', 'VARGAS', 'genesis.vargas@lpdevelopment.com', '8-914-11', 'ASISTENTE MERCADEO', '2023-10-23', 'OCT', 'active'),
  ('6fe360fa-68ae-fcfb-d069-dea9b58aa014', '989d6e5a-8c15-a1fa-66c5-74bff86c8c6b', '4006fcc6-b976-b11a-eeb1-5b44c04e0712', 'EMP-0119', 'GLADYS', 'MARGOTH ORTEGA MARTINEZ', 'gladys.martinez@lpdevelopment.com', '4-741-792', 'INSPECTOR', '2011-07-01', 'JUN', 'active'),
  ('13ae788d-6ac2-1f2f-cfc6-f56f595700cb', '989d6e5a-8c15-a1fa-66c5-74bff86c8c6b', 'fe0cbc10-72cd-d2d4-61f6-052be8368812', 'EMP-0120', 'HECTOR', 'VILLARREAL', 'hector.villarreal@lpdevelopment.com', '8-820-1201', 'EJECUTIVO DE VENTAS', '2025-04-09', 'MAR', 'active'),
  ('e1a2f34e-e213-37af-e745-e8dcd1d61f36', '989d6e5a-8c15-a1fa-66c5-74bff86c8c6b', 'fe0cbc10-72cd-d2d4-61f6-052be8368812', 'EMP-0121', 'HORACIO', 'ALBERTO MENDOZA VALLEJO', 'horacio.vallejo@lpdevelopment.com', '8-288-536', 'GERENTE DE VENTAS', '2010-12-01', 'NOV', 'active'),
  ('3e38dfb8-888a-a7c8-a34c-1008de1956db', '989d6e5a-8c15-a1fa-66c5-74bff86c8c6b', 'a3b25f9c-1896-ae8a-3c7c-a0df2f5feacd', 'EMP-0122', 'INGRID', 'JULISSA KAM MADRIGAL DE GONZALEZ', 'ingrid.gonzalez@lpdevelopment.com', '8-470-397', 'GERENTE DE TRAMITE', '2012-01-03', 'DIC', 'active'),
  ('7e9635dc-d09b-6df0-52fe-97ca77d7c494', '989d6e5a-8c15-a1fa-66c5-74bff86c8c6b', NULL, 'EMP-0123', 'IRVING', 'RAINIERO MELENDEZ PINEDA', 'irving.pineda@lpdevelopment.com', '8-779-733', 'MENSAJERO', '2012-04-09', 'MAR', 'active'),
  ('5baa6612-4737-acab-14ac-13e46d103606', '989d6e5a-8c15-a1fa-66c5-74bff86c8c6b', 'fe0cbc10-72cd-d2d4-61f6-052be8368812', 'EMP-0124', 'ISIS', 'QUIROZ ORTEGA', 'isis.ortega@lpdevelopment.com', '8-774-894', 'EJECUTIVO DE VENTAS', '2014-04-01', 'MAR', 'active'),
  ('c8d4c82a-14ae-0f0d-0285-1ff80d53e921', '989d6e5a-8c15-a1fa-66c5-74bff86c8c6b', 'fe0cbc10-72cd-d2d4-61f6-052be8368812', 'EMP-0125', 'JAVIER', 'ENRIQUE IRIBARREN MORELLON', 'javier.morellon@lpdevelopment.com', 'E-8-136-767', 'DIRECTOR COMERCIAL', '2022-03-14', 'FEB', 'active'),
  ('fb851f1c-8c2d-3656-30c9-ae624586eba8', '989d6e5a-8c15-a1fa-66c5-74bff86c8c6b', NULL, 'EMP-0126', 'JEAN', 'CARLOS NAVAS', 'jean.navas@lpdevelopment.com', '85598148', 'ADMINISTRADOR DE PROYECTO', '2017-06-05', 'MAY', 'active'),
  ('382ffb29-b370-0faf-6bdc-692007d28767', '989d6e5a-8c15-a1fa-66c5-74bff86c8c6b', NULL, 'EMP-0127', 'JORGE', 'ADMETH DE ROUX CANDANEDO', 'jorge.candanedo@lpdevelopment.com', '8-396-657', 'DIRECTOR FINANCIERO', '2014-12-03', 'NOV', 'active'),
  ('83b9a5cc-3996-9045-2dcb-a81b7327b862', '989d6e5a-8c15-a1fa-66c5-74bff86c8c6b', NULL, 'EMP-0128', 'JOSE', 'FIERRO', 'jose.fierro@lpdevelopment.com', '8-229-1587', 'GERENTE DE PROYECTO', '2007-09-01', 'AGO', 'active'),
  ('5b2c1523-5d46-243b-764c-2e44a278cef4', '989d6e5a-8c15-a1fa-66c5-74bff86c8c6b', 'e66c768f-1cdb-101d-0844-fe34daa8e06f', 'EMP-0129', 'JOSUE', 'ABDIAS ARAUZ GONZALEZ', 'josue.gonzalez@lpdevelopment.com', '5-712-1990', 'EJECUTIVO DE MERCADEO DIGITAL', '2025-05-05', 'ABR', 'active'),
  ('a3de0db5-5ab8-3175-1348-171e69c09c60', '989d6e5a-8c15-a1fa-66c5-74bff86c8c6b', 'e66c768f-1cdb-101d-0844-fe34daa8e06f', 'EMP-0130', 'JULIMETH', 'DUQUE', 'julimeth.duque@lpdevelopment.com', '8-799-2138', 'COORDINADORA DE MERCADEO', '2023-10-23', 'SEP', 'active'),
  ('610f5007-eae6-f6ff-e3be-a76f7ed8763c', '989d6e5a-8c15-a1fa-66c5-74bff86c8c6b', 'fe0cbc10-72cd-d2d4-61f6-052be8368812', 'EMP-0131', 'JULIO', 'CESAR JIMENEZ PUGA', 'julio.puga@lpdevelopment.com', '8-377-490', 'CONSERJE-AYUD. GENERAL', '2019-04-23', 'MAR', 'active'),
  ('caf5824f-57b4-4b36-5f0e-b12bae3bff7e', '989d6e5a-8c15-a1fa-66c5-74bff86c8c6b', NULL, 'EMP-0132', 'KAREN', 'RIVERA', 'karen.rivera@lpdevelopment.com', '8-811-1585', 'GESTOR DE CUENTAS', '2024-02-26', 'ENE', 'active'),
  ('f4d55efc-0fd6-1d94-cb8f-c9c38ee061ea', '989d6e5a-8c15-a1fa-66c5-74bff86c8c6b', '4006fcc6-b976-b11a-eeb1-5b44c04e0712', 'EMP-0133', 'KATHERINE', 'HON LIU', 'katherine.liu@lpdevelopment.com', '8-876-2287', 'ASISTENTE PRESUPUESTO', '2018-02-01', 'ENE', 'active'),
  ('8f923c0b-69b3-befe-6749-937b04406739', '989d6e5a-8c15-a1fa-66c5-74bff86c8c6b', 'fe0cbc10-72cd-d2d4-61f6-052be8368812', 'EMP-0134', 'KHADINE', 'ALVARADO', 'khadine.alvarado@lpdevelopment.com', '3-706-454', 'ANALISTA FINANCIERO', '2025-10-06', 'SEP', 'active'),
  ('b79bcaa7-d242-795b-7ff7-1a1dc3314a23', '989d6e5a-8c15-a1fa-66c5-74bff86c8c6b', '0fd36072-5418-05ba-79a2-a4a586a82f77', 'EMP-0135', 'KIMBERLY', 'JANISSE CAMPOS NAVARRO', 'kimberly.navarro@lpdevelopment.com', '8-918-1772', 'OFICIAL DE CUMPLIMIENTO', '2022-11-15', 'OCT', 'active'),
  ('2c4c0f75-def7-fc98-171a-62348a0a0a9a', '989d6e5a-8c15-a1fa-66c5-74bff86c8c6b', 'fe0cbc10-72cd-d2d4-61f6-052be8368812', 'EMP-0136', 'LORELIZ', 'DOMINGUEZ', 'loreliz.dominguez@lpdevelopment.com', '8-865-1740', 'EXPERT ECONOMY BROKER MANAGER', '2026-03-10', 'FEB', 'active'),
  ('157c7af8-343f-dd7d-0299-57f1aebd95b6', '989d6e5a-8c15-a1fa-66c5-74bff86c8c6b', NULL, 'EMP-0137', 'LUCAS', 'ALBERTO SANTOS MATEUS', 'lucas.mateus@lpdevelopment.com', '8-804-1915', 'ANALISTA FINANCIERO', '2025-04-09', 'ABR', 'active'),
  ('20a2b313-b848-0ebe-5f6a-5260827cbbb3', '989d6e5a-8c15-a1fa-66c5-74bff86c8c6b', 'fe0cbc10-72cd-d2d4-61f6-052be8368812', 'EMP-0138', 'LUZ', 'ENEIDA LOPEZ MONTERREY', 'luz.monterrey@lpdevelopment.com', '8-393-963', 'AUXILIAR DE LIMPIEZA', '2025-04-14', 'ABR', 'active'),
  ('4bd6c9fb-76eb-5ebf-0f16-894a35fd310b', '989d6e5a-8c15-a1fa-66c5-74bff86c8c6b', 'fe0cbc10-72cd-d2d4-61f6-052be8368812', 'EMP-0139', 'MADELAINE', 'COSTA CAMARENA', 'madelaine.camarena@lpdevelopment.com', '8-992-942', 'ASISTENTE DE TRAMITES', '2026-01-19', 'ENE', 'active'),
  ('f849d190-416b-a010-f778-79dd791b47f6', '989d6e5a-8c15-a1fa-66c5-74bff86c8c6b', 'fe0cbc10-72cd-d2d4-61f6-052be8368812', 'EMP-0140', 'MAGDALINE', 'GONZALEZ', 'magdaline.gonzalez@lpdevelopment.com', '8-915-530', 'ASISTENTE EXPERIENCE', '2025-03-07', 'FEB', 'active'),
  ('f205cc81-3adc-5d13-7d38-3bb2b49b2db2', '989d6e5a-8c15-a1fa-66c5-74bff86c8c6b', 'fe0cbc10-72cd-d2d4-61f6-052be8368812', 'EMP-0141', 'MALEK', 'ANGELICA EL HAMRA', 'malek.hamra@lpdevelopment.com', '661177798', 'DIRECCION DE MARCA, EXPERIENCIAS Y REL.PUBLICAS', '2025-11-11', 'OCT', 'active'),
  ('beb8b0d9-63b7-3701-ab5b-8a9d8ecc4d6e', '989d6e5a-8c15-a1fa-66c5-74bff86c8c6b', 'e66c768f-1cdb-101d-0844-fe34daa8e06f', 'EMP-0142', 'MARCO', 'ANTONIO OGILVIE', 'marco.ogilvie@lpdevelopment.com', '8-953-458', 'FOTOGRAFO', '2024-05-02', 'ABR', 'active'),
  ('41c8b2d3-516f-637f-fba7-9270cce1fa9d', '989d6e5a-8c15-a1fa-66c5-74bff86c8c6b', 'fe0cbc10-72cd-d2d4-61f6-052be8368812', 'EMP-0143', 'MARIA', 'SIMA', 'maria.sima@lpdevelopment.com', '8-421-669', 'GERENTE DE VENTAS DE PROYECTOS DE PLAYA', '2025-10-03', 'SEP', 'active'),
  ('4bfaef84-cc2a-a5ac-2c5a-551ad626f440', '989d6e5a-8c15-a1fa-66c5-74bff86c8c6b', 'fe0cbc10-72cd-d2d4-61f6-052be8368812', 'EMP-0144', 'MARIA', 'CRISTINA FONSECA', 'maria.fonseca@lpdevelopment.com', '8-990-518', 'COORDINADORA DE POST VENTA INTERNACIONAL', '2026-04-05', 'ABR', 'active'),
  ('d577ebc7-258e-112e-8e38-99625a665b79', '989d6e5a-8c15-a1fa-66c5-74bff86c8c6b', 'fe0cbc10-72cd-d2d4-61f6-052be8368812', 'EMP-0145', 'MARIANELA', 'FONSECA ZAUNER', 'marianela.zauner@lpdevelopment.com', '8-810-883', 'EJECUTIVO DE VENTAS', '2014-02-03', 'ENE', 'active'),
  ('a912b070-877a-6a73-0c68-4166c3040dba', '989d6e5a-8c15-a1fa-66c5-74bff86c8c6b', 'fe0cbc10-72cd-d2d4-61f6-052be8368812', 'EMP-0146', 'MONICA', 'FUENTES GONZALEZ', 'monica.gonzalez@lpdevelopment.com', '8-1025-2255', 'HOST COMERCIAL', '2025-10-01', 'SEP', 'active'),
  ('f96872d2-6ac3-a5fa-b05e-db2c89f1eee2', '989d6e5a-8c15-a1fa-66c5-74bff86c8c6b', '0fd36072-5418-05ba-79a2-a4a586a82f77', 'EMP-0147', 'NAKZEL', 'EIXZA YEARWOOD MERCADO', 'nakzel.mercado@lpdevelopment.com', '8-705-2373', 'ASISTENTE DE TRAMITES', '2023-02-01', 'ENE', 'active'),
  ('ca1a7c21-f0b0-091c-7ee9-703167fcfacb', '989d6e5a-8c15-a1fa-66c5-74bff86c8c6b', 'fe0cbc10-72cd-d2d4-61f6-052be8368812', 'EMP-0148', 'NATCHIDEL', 'MORAN', 'natchidel.moran@lpdevelopment.com', '8-841-1220', 'DEMOSTRADORA SALA VENTAS ORI', '2019-12-01', 'NOV', 'active'),
  ('0a6ada93-6ac8-1943-866f-ced20f954ad6', '989d6e5a-8c15-a1fa-66c5-74bff86c8c6b', 'fe0cbc10-72cd-d2d4-61f6-052be8368812', 'EMP-0149', 'NILKA', 'YPSILANTIS', 'nilka.ypsilantis@lpdevelopment.com', '8-442-456', 'DIRECTORA COMERCIAL', '2006-10-01', 'SEP', 'active'),
  ('121b75ee-485b-301e-230b-b0e33c3f8c9b', '989d6e5a-8c15-a1fa-66c5-74bff86c8c6b', 'fe0cbc10-72cd-d2d4-61f6-052be8368812', 'EMP-0150', 'PAOLA', 'ABDUL GONZALEZ', 'paola.gonzalez@lpdevelopment.com', '8-882-535', 'EJECUTIVO DE VENTAS', '2024-06-17', 'MAY', 'active'),
  ('0e341304-39a0-ea2f-0da4-96055c5d875f', '989d6e5a-8c15-a1fa-66c5-74bff86c8c6b', NULL, 'EMP-0151', 'PRISCILLA', 'YANETH MORENO ESCUDERO', 'priscilla.escudero@lpdevelopment.com', '8-921-725', 'ASISTENTE FINANCIERO', '2022-05-30', 'MAY', 'active'),
  ('40f657df-4209-ad48-2e76-15d097f0de0d', '989d6e5a-8c15-a1fa-66c5-74bff86c8c6b', 'fe0cbc10-72cd-d2d4-61f6-052be8368812', 'EMP-0152', 'THIAMA', 'NASHUA GUN', 'thiama.gun@lpdevelopment.com', '8-814-34', 'EJECUTIVA DE VENTAS BILINGÜE (PD)', '2026-03-20', 'MAR', 'active'),
  ('1f390718-c59d-225d-fb26-99d5fba525de', '989d6e5a-8c15-a1fa-66c5-74bff86c8c6b', 'fe0cbc10-72cd-d2d4-61f6-052be8368812', 'EMP-0153', 'XIOMARA', 'ALVARADO', 'xiomara.alvarado@lpdevelopment.com', '8-773-794', 'ASISTENTE ADMINISTRATIVA', '2014-08-12', 'JUL', 'active'),
  ('62cbdc57-4367-c6a6-eda6-f5a54e182839', '989d6e5a-8c15-a1fa-66c5-74bff86c8c6b', 'fe0cbc10-72cd-d2d4-61f6-052be8368812', 'EMP-0154', 'MARITZA', 'MOLINA', 'maritza.molina@lpdevelopment.com', '8-1186-2217', 'GERENTE DE VENTAS PLAYA DORADA', '2025-04-06', 'MAR', 'active'),
  ('7b5c8b8f-8d4d-fcb6-2802-7e8c8fef8f7e', '989d6e5a-8c15-a1fa-66c5-74bff86c8c6b', '0fd36072-5418-05ba-79a2-a4a586a82f77', 'EMP-0155', 'YARA', 'MORALES', 'yara.morales@lpdevelopment.com', '8-742-1966', 'ASISTENTE ADMINISTRATIVA', '2014-09-01', 'AGO', 'active'),
  ('049997a1-4baa-2c5b-8cc6-060e6790e750', '989d6e5a-8c15-a1fa-66c5-74bff86c8c6b', 'fe0cbc10-72cd-d2d4-61f6-052be8368812', 'EMP-0156', 'YENI', 'MERCEDES CASTILLO', 'yeni.castillo@lpdevelopment.com', '2-104-965', 'EJECUTIVO DE VENTAS', '2011-08-31', 'JUL', 'active'),
  ('d9c20d88-974a-f636-3169-32edaaaac1b0', '989d6e5a-8c15-a1fa-66c5-74bff86c8c6b', NULL, 'EMP-0157', 'YISSELLE', 'EVELIA ACOSTA', 'yisselle.acosta@lpdevelopment.com', '8-747-905', 'GESTOR DE CUENTAS', '2021-05-17', 'ABR', 'active'),
  ('cb244a2a-0f73-8c30-2150-e530f975c055', '989d6e5a-8c15-a1fa-66c5-74bff86c8c6b', 'fe0cbc10-72cd-d2d4-61f6-052be8368812', 'EMP-0158', 'YULENIS', 'AIMEE BETEGON', 'yulenis.betegon@lpdevelopment.com', '3-728-1858', 'EXPERT ECONOMY BROKER MANAGER', '2025-11-24', 'NOV', 'active'),
  ('6be2352d-c970-dc0a-9fc9-7ec8fd5e1e91', '989d6e5a-8c15-a1fa-66c5-74bff86c8c6b', 'fe0cbc10-72cd-d2d4-61f6-052be8368812', 'EMP-0159', 'YULITZA', 'GERTRUDIZ CAICEDO', 'yulitza.caicedo@lpdevelopment.com', '8-756-1142', 'EJECUTIVO DE VENTAS', '2025-07-14', 'JUN', 'active'),
  ('178c4026-57f0-907a-5864-de7f493a6114', '989d6e5a-8c15-a1fa-66c5-74bff86c8c6b', 'e66c768f-1cdb-101d-0844-fe34daa8e06f', 'EMP-0160', 'ZULYRMA', 'YANNYMAR RONDON', 'zulyrma.rondon@lpdevelopment.com', 'E-8-159901', 'COORDINADORA DE MERCADEO', '2025-06-02', 'MAY', 'active'),
  ('61ab3659-d9bd-d7e2-92c3-5e13d9dd6638', '989d6e5a-8c15-a1fa-66c5-74bff86c8c6b', 'fe0cbc10-72cd-d2d4-61f6-052be8368812', 'EMP-0161', 'FREDD', 'HINCAPIE', 'fredd.hincapie@lpdevelopment.com', '8-1022-2286', 'EJECUTIVO DE VENTAS', '2026-02-11', 'FEB', 'active'),
  ('5b4a331b-b333-162e-325c-9b64702555e8', '742ce926-ed52-ed75-03f4-4d9ce82f2664', '0b447b43-5277-e935-4899-ffd7f0067920', 'EMP-0162', 'IDALBIRIS', 'ESTHER RENGIFO SILVA', 'idalbiris.silva@lpdevelopment.com', '8-785-1673', 'INSPECTORA DE ACABADOS', '2019-08-16', 'JUL', 'active'),
  ('7c2a2889-ebda-2691-ec7d-39039281a91c', '742ce926-ed52-ed75-03f4-4d9ce82f2664', '0b447b43-5277-e935-4899-ffd7f0067920', 'EMP-0163', 'GENESIS', 'GILL DIMAS', 'genesis.dimas@lpdevelopment.com', '8-832-1352', 'ASISTENTE ADMINISTRATIVA', '2025-01-16', 'ENE', 'active'),
  ('0c550d73-cd47-6711-9f19-f269b95f26b5', 'a885615c-e839-963a-17a9-57ed1779cb8c', '854fb47c-016a-cee7-a553-5bdf420a8b22', 'EMP-0164', 'ALEJANDRA', 'GOMEZ', 'alejandra.gomez@lpdevelopment.com', NULL, 'ASISTENTE ADMINISTRATIVA', '2024-04-05', 'MAR', 'active'),
  ('485a4966-cc64-8c01-1df4-b6f428cfde34', 'a885615c-e839-963a-17a9-57ed1779cb8c', '854fb47c-016a-cee7-a553-5bdf420a8b22', 'EMP-0165', 'ANDRES', 'RODRIGUEZ', 'andres.rodriguez@lpdevelopment.com', '2-127-516', 'AYUDANTE GENERAL', '2017-02-03', 'ENE', 'active'),
  ('a939e197-8479-c7d0-02c1-098fc1fccb50', 'a885615c-e839-963a-17a9-57ed1779cb8c', '854fb47c-016a-cee7-a553-5bdf420a8b22', 'EMP-0166', 'ASTENIO', 'ZAMORA HERRERA', 'astenio.herrera@lpdevelopment.com', '8-884-1219', 'AYUDANTE GENERAL', '2022-08-01', 'JUL', 'active'),
  ('d341e097-c57a-d32e-085a-d0eac85c8f81', 'a885615c-e839-963a-17a9-57ed1779cb8c', '854fb47c-016a-cee7-a553-5bdf420a8b22', 'EMP-0167', 'CARLOS', 'SANCHEZ', 'carlos.sanchez@lpdevelopment.com', '9-714-1364', 'INSPECTOR DE INFRAESTRUCTURA', '2016-11-14', 'OCT', 'active'),
  ('e6ca1c23-5872-6275-b7f8-c03314ad7ac9', 'a885615c-e839-963a-17a9-57ed1779cb8c', '854fb47c-016a-cee7-a553-5bdf420a8b22', 'EMP-0168', 'CLARA', 'INES PEREZ', 'clara.perez@lpdevelopment.com', '4-776-2488', 'COORDINADORA DE PROYECTO BILINGUE', '2024-11-20', 'OCT', 'active'),
  ('46394825-5610-5a7a-a240-cb74821b2e29', 'a885615c-e839-963a-17a9-57ed1779cb8c', '854fb47c-016a-cee7-a553-5bdf420a8b22', 'EMP-0169', 'DIANA', 'CAROLINA FRANCO BONILLA', 'diana.bonilla@lpdevelopment.com', '8-885-74', 'SEGUIMIENTO DE COMPRAS', '2022-12-01', 'NOV', 'active'),
  ('b3a382eb-de5d-057e-c296-1d14aa480310', 'a885615c-e839-963a-17a9-57ed1779cb8c', '854fb47c-016a-cee7-a553-5bdf420a8b22', 'EMP-0170', 'DESYLITH', 'QUINTERO', 'desylith.quintero@lpdevelopment.com', NULL, 'INSPECTOR DE GARANTIAS Y EXCEPCIONES', '2024-02-17', 'ENE', 'active'),
  ('4ad0b197-34ab-d584-f8b1-de6f566332d1', 'a885615c-e839-963a-17a9-57ed1779cb8c', '854fb47c-016a-cee7-a553-5bdf420a8b22', 'EMP-0171', 'ERIC', 'ALBERTO PINTO RAMEA', 'eric.ramea@lpdevelopment.com', '8-805-1715', 'AYUDANTE GENERAL', '2024-07-02', 'JUN', 'active'),
  ('356f51ea-b615-50fa-131b-8e3a1d75c890', 'a885615c-e839-963a-17a9-57ed1779cb8c', '854fb47c-016a-cee7-a553-5bdf420a8b22', 'EMP-0172', 'ERIKA', 'SANCHEZ', 'erika.sanchez@lpdevelopment.com', '8-935-1839', 'ASISTENTE DE PRES', '2023-07-08', 'JUN', 'active'),
  ('6fa3a04b-8f72-a340-2cdc-b04dc9422c2b', 'a885615c-e839-963a-17a9-57ed1779cb8c', '854fb47c-016a-cee7-a553-5bdf420a8b22', 'EMP-0173', 'GABRIELA', 'ALFONSO NUÑEZ', 'gabriela.nunez@lpdevelopment.com', '2-711-54', 'INSPECTORA DE OBRA', '2025-03-05', 'FEB', 'active'),
  ('fd76bb18-adce-cad7-00cf-2e23f9084433', 'a885615c-e839-963a-17a9-57ed1779cb8c', '854fb47c-016a-cee7-a553-5bdf420a8b22', 'EMP-0174', 'GIANNI', 'ANAIS PEREZ NUÑEZ', 'gianni.nunez@lpdevelopment.com', '8-893-636', 'ASISTENTE ADMINISTRATIVA', '2024-04-05', 'DIC', 'active'),
  ('de4a9bc1-378d-02c2-9c2e-fb5dc343fd85', 'a885615c-e839-963a-17a9-57ed1779cb8c', '854fb47c-016a-cee7-a553-5bdf420a8b22', 'EMP-0175', 'HILLARY', 'ASHLEY VILLARREAL', 'hillary.villarreal@lpdevelopment.com', '4-788-2108', 'INSPECTOR DE OBRA', '2025-08-06', 'JUL', 'active'),
  ('3cba6166-fc83-6a7d-ad6a-c0690aa7288f', 'a885615c-e839-963a-17a9-57ed1779cb8c', '854fb47c-016a-cee7-a553-5bdf420a8b22', 'EMP-0176', 'ISAAC', 'RODRIGUEZ', 'isaac.rodriguez@lpdevelopment.com', '8-942-1139', 'AYUDANTE GENERAL', '2019-08-09', 'JUL', 'active'),
  ('2b78a150-c06d-51fb-bf0b-20a77d0b5fd7', 'a885615c-e839-963a-17a9-57ed1779cb8c', '854fb47c-016a-cee7-a553-5bdf420a8b22', 'EMP-0177', 'JAIME', 'ALBERTO LASSO SANCHEZ', 'jaime.sanchez@lpdevelopment.com', '2-739-614', 'INSPECTOR INFRA', '2024-06-17', 'MAY', 'active'),
  ('8e36364e-72ed-a245-e082-b66355b94549', 'a885615c-e839-963a-17a9-57ed1779cb8c', '854fb47c-016a-cee7-a553-5bdf420a8b22', 'EMP-0178', 'JESUS', 'MANUEL UREÑA', 'jesus.urena@lpdevelopment.com', '8-849-2099', 'AYUDANTE GENERAL / CONDUCTOR', '2019-08-05', 'JUL', 'active'),
  ('9e66a505-55fe-dfd1-eb97-ef3f2eade1d2', 'a885615c-e839-963a-17a9-57ed1779cb8c', '854fb47c-016a-cee7-a553-5bdf420a8b22', 'EMP-0179', 'JOSE', 'PABLO MUÑOZ', 'jose.munoz@lpdevelopment.com', '8-792-1644', 'INSPECTOR DE OBRA', '2026-03-09', 'FEB', 'active'),
  ('5214dd8e-d499-b92f-9ebb-09bd7584e0f0', 'a885615c-e839-963a-17a9-57ed1779cb8c', '854fb47c-016a-cee7-a553-5bdf420a8b22', 'EMP-0180', 'JUANA', 'VALENCIA', 'juana.valencia@lpdevelopment.com', NULL, 'ASISTENTE SEGUIMIENTO A COMPRAS', '2025-06-03', 'MAY', 'active'),
  ('437e6d4b-beb0-7628-9f1a-154f6bfa6c1d', 'a885615c-e839-963a-17a9-57ed1779cb8c', '854fb47c-016a-cee7-a553-5bdf420a8b22', 'EMP-0181', 'KARLA', 'DIAMANTE HO SANG', 'karla.sang@lpdevelopment.com', '8-802-1734', 'HOSPITALITY', '2024-08-16', 'JUL', 'active'),
  ('35598090-7a48-aca3-1903-6156b60f4eff', 'a885615c-e839-963a-17a9-57ed1779cb8c', '854fb47c-016a-cee7-a553-5bdf420a8b22', 'EMP-0182', 'KERIMA', 'CORONADO', 'kerima.coronado@lpdevelopment.com', '8-813-1511', 'ASISTENTE ADMINISTRATIVA', '2014-01-16', 'DIC', 'active'),
  ('c07610fb-f93c-282c-5a74-93b1da10c7af', 'a885615c-e839-963a-17a9-57ed1779cb8c', '854fb47c-016a-cee7-a553-5bdf420a8b22', 'EMP-0183', 'LEIDYS', 'JOHANA CABALLERO MENDOZA', 'leidys.mendoza@lpdevelopment.com', '8-851-1943', 'INSPECTOR DE GARANTIA', '2014-04-29', 'MAR', 'active'),
  ('9e4dbb13-8437-2d16-bf9c-277a80174b90', 'a885615c-e839-963a-17a9-57ed1779cb8c', '854fb47c-016a-cee7-a553-5bdf420a8b22', 'EMP-0184', 'MAILYN', 'MUÑOZ', 'mailyn.munoz@lpdevelopment.com', '8-733-2193', 'GERENTE DE PROYECTO', '2012-06-16', 'MAY', 'active'),
  ('58974dbb-4080-e0fc-2869-b28a10822162', 'a885615c-e839-963a-17a9-57ed1779cb8c', '854fb47c-016a-cee7-a553-5bdf420a8b22', 'EMP-0185', 'MILENA', 'QUINTERO', 'milena.quintero@lpdevelopment.com', '8-938-377', 'INSPECTOR DE OBRA', '2024-03-18', 'FEB', 'active'),
  ('9a7c4f69-1e07-aac4-8088-8dd2a25566ac', 'a885615c-e839-963a-17a9-57ed1779cb8c', '854fb47c-016a-cee7-a553-5bdf420a8b22', 'EMP-0186', 'MONICA', 'CEDEÑO', 'monica.cedeno@lpdevelopment.com', NULL, 'INSPECTOR DE OBRA', '2024-02-03', 'FEB', 'active'),
  ('3ddcf7ad-19a5-b764-4e1d-7c46dd58ca29', 'a885615c-e839-963a-17a9-57ed1779cb8c', '854fb47c-016a-cee7-a553-5bdf420a8b22', 'EMP-0187', 'MONICA', 'PAMELA DIAZ', 'monica.diaz@lpdevelopment.com', '8-805-1590', 'COORDINADORA DE PROYECTO', '2025-11-17', 'OCT', 'active'),
  ('d5ac7fbf-52af-252f-76e7-7a9a9013a608', 'a885615c-e839-963a-17a9-57ed1779cb8c', '854fb47c-016a-cee7-a553-5bdf420a8b22', 'EMP-0188', 'NATALIA', 'DE LA CRUZ', 'natalia.cruz@lpdevelopment.com', '8-921-767', 'ASISTENTE ADMINISTRATIVO', '2025-04-06', 'MAY', 'active'),
  ('b338e503-d3f9-263d-654c-f27bd2ccb09f', 'a885615c-e839-963a-17a9-57ed1779cb8c', '854fb47c-016a-cee7-a553-5bdf420a8b22', 'EMP-0189', 'RAUL', 'SANTIAGO TAPIA', 'raul.tapia@lpdevelopment.com', '8-889-942', 'PLANIFICACION Y COORDINADOR DE PROYECTO', '2023-08-07', 'AGO', 'active'),
  ('c6f80fc7-d7d2-17eb-ea20-81a22bae39ef', 'a885615c-e839-963a-17a9-57ed1779cb8c', '854fb47c-016a-cee7-a553-5bdf420a8b22', 'EMP-0190', 'RICARDO', 'JOSE PAREDES SOSA', 'ricardo.sosa@lpdevelopment.com', '8-818-1156', 'COORDINADOR DE OBRA', '2025-11-01', 'NOV', 'active'),
  ('a4f616d2-007d-aa05-5f89-734260b3f1f1', 'a885615c-e839-963a-17a9-57ed1779cb8c', '854fb47c-016a-cee7-a553-5bdf420a8b22', 'EMP-0191', 'RUBIELA', 'URRIOLA', 'rubiela.urriola@lpdevelopment.com', NULL, 'INSPECTOR DE OBRA', '2025-02-24', 'FEB', 'active'),
  ('4e69cf20-a437-2c3d-6483-aeea803e56c9', 'a885615c-e839-963a-17a9-57ed1779cb8c', '854fb47c-016a-cee7-a553-5bdf420a8b22', 'EMP-0192', 'SERGIO', 'MORAN', 'sergio.moran@lpdevelopment.com', '8-929-1723', 'AYUDANTE GENERAL', '2023-10-09', 'SEP', 'active'),
  ('0565c7ea-6784-569d-0c0c-2db1b2fbdf80', 'a885615c-e839-963a-17a9-57ed1779cb8c', '854fb47c-016a-cee7-a553-5bdf420a8b22', 'EMP-0193', 'SHEYSELL', 'JARAMILLO', 'sheysell.jaramillo@lpdevelopment.com', '8-885-1663', 'INSPECTORA', '2023-07-03', 'JUN', 'active'),
  ('9677f4d4-51e1-3df8-c145-f41401549388', 'a885615c-e839-963a-17a9-57ed1779cb8c', '854fb47c-016a-cee7-a553-5bdf420a8b22', 'EMP-0194', 'SUYEN', 'ESCOBAR', 'suyen.escobar@lpdevelopment.com', '1349667', 'INSPECTOR', '2017-01-03', 'DIC', 'active'),
  ('b85448b9-cce7-c109-bff4-70dfd69ff4c0', 'a885615c-e839-963a-17a9-57ed1779cb8c', '854fb47c-016a-cee7-a553-5bdf420a8b22', 'EMP-0195', 'VIRGILIO', 'TENORIO PASCACIO', 'virgilio.pascacio@lpdevelopment.com', '8-987-703', 'SEGUIMIENTO DE COMPRAS', '2024-10-16', 'OCT', 'active'),
  ('de2672a8-31eb-8dd1-6c7a-a78337351152', 'a885615c-e839-963a-17a9-57ed1779cb8c', '854fb47c-016a-cee7-a553-5bdf420a8b22', 'EMP-0196', 'YARELIS', 'LINETH SOLIS ZAMBRANO', 'yarelis.zambrano@lpdevelopment.com', '8-928-624', 'ASISTENTE ADMINISTRATIVA', '2024-08-01', 'JUL', 'active'),
  ('dc311371-7c39-c98d-5595-8a81b692b53a', 'a885615c-e839-963a-17a9-57ed1779cb8c', '854fb47c-016a-cee7-a553-5bdf420a8b22', 'EMP-0197', 'YARELYS', 'CABALLERO', 'yarelys.caballero@lpdevelopment.com', '8-805-1409', 'COORDINADORA DE OBRAS', '2022-09-01', 'AGO', 'active'),
  ('1c013c3d-37dc-3d2c-4151-7d0bb1e27083', 'a885615c-e839-963a-17a9-57ed1779cb8c', '854fb47c-016a-cee7-a553-5bdf420a8b22', 'EMP-0198', 'YASIVEL', 'SUGEI AROSEMENA RECUERO', 'yasivel.recuero@lpdevelopment.com', '8-797-1133', 'COORDINADORA DE OBRA -OASIS', '2022-10-24', 'SEP', 'active'),
  ('40601d3f-c69b-ee19-779e-86088dc49b77', 'a885615c-e839-963a-17a9-57ed1779cb8c', '854fb47c-016a-cee7-a553-5bdf420a8b22', 'EMP-0199', 'YESICA', 'GONZALEZ', 'yesica.gonzalez@lpdevelopment.com', '9-757-479', 'ASISTENTE ADMINIS', '2023-10-06', 'SEP', 'active'),
  ('3190ebc5-779a-6166-c131-cf6db3024e0c', 'a885615c-e839-963a-17a9-57ed1779cb8c', '854fb47c-016a-cee7-a553-5bdf420a8b22', 'EMP-0200', 'YULISSA', 'YANELIS GONZALEZ MARTINEZ', 'yulissa.martinez@lpdevelopment.com', '8-945-811', 'INSPECTOR DE OBRA', '2025-03-24', 'MAR', 'active'),
  ('1eff174b-2455-218d-b9e3-1aa4c27cd1b4', 'a885615c-e839-963a-17a9-57ed1779cb8c', '854fb47c-016a-cee7-a553-5bdf420a8b22', 'EMP-0201', 'ZELIBETH', 'RAMSAY LINARES', 'zelibeth.linares@lpdevelopment.com', '8-893-1722', 'ASISTENTE DE GARANTIAS Y ENTREGAS BILINGUE', '2025-10-01', 'SEP', 'active'),
  ('ba2951ec-a920-49d7-202e-9ec90ce9ef35', 'a885615c-e839-963a-17a9-57ed1779cb8c', '854fb47c-016a-cee7-a553-5bdf420a8b22', 'EMP-0202', 'KATHERINE', 'BERRIOS', 'katherine.berrios@lpdevelopment.com', '8-914-844', 'INSPECTOR DE OBRA', '2026-03-23', 'MAR', 'active'),
  ('2661c3fb-0451-ecae-646a-8b31e4776450', 'a885615c-e839-963a-17a9-57ed1779cb8c', '854fb47c-016a-cee7-a553-5bdf420a8b22', 'EMP-0203', 'MELANY', 'ORTIZ LASHELY', 'melany.lashely@lpdevelopment.com', '8-960-1751', 'SEGURIDAD OCUPACIONAL', '2026-03-02', 'MAR', 'active'),
  ('55e55c5e-ebcf-d539-858d-22eccd07eb19', 'a885615c-e839-963a-17a9-57ed1779cb8c', '854fb47c-016a-cee7-a553-5bdf420a8b22', 'EMP-0204', 'CARMEN', 'IVETTE CORDOBA ORTEGA', 'carmen.ortega@lpdevelopment.com', '7-703-1196', 'INSPECTOR DE OBRA', '2026-04-15', 'MAR', 'active'),
  ('1591458e-d83e-6b10-6c55-2fc474d905d3', 'a885615c-e839-963a-17a9-57ed1779cb8c', '5f01b463-fd65-716e-5858-6776c13e7774', 'EMP-0205', 'JESSICA', 'REAL BATISTA', 'jessica.batista@lpdevelopment.com', '2-706-637', 'DIRECTORA COMERCIAL HOSPITALIDAD', '2025-09-01', 'AGO', 'active'),
  ('153c44a2-67fa-20c6-34e7-24fae56f1179', 'a885615c-e839-963a-17a9-57ed1779cb8c', '5f01b463-fd65-716e-5858-6776c13e7774', 'EMP-0206', 'ROLANDO', 'GAMBOA SANCHEZ', 'rolando.sanchez@lpdevelopment.com', 'E-8-166835', 'DIRECTOR COMERCIAL INTERNACIONAL', '2026-05-02', 'ABR', 'active'),
  ('c2dae8be-33b9-09f9-024b-ce36b1bbf1c9', 'a885615c-e839-963a-17a9-57ed1779cb8c', 'b28dd0e4-7e8d-636c-be89-273a5f413f27', 'EMP-0207', 'MATHIAS', 'THOMAS GUICHARD', 'mathias.guichard@lpdevelopment.com', 'E-8-200066', 'AGENTE DE VENTAS', '2025-07-28', 'JUL', 'active'),
  ('42ad8810-5661-2655-62f4-3da195b93b9a', 'a885615c-e839-963a-17a9-57ed1779cb8c', 'b28dd0e4-7e8d-636c-be89-273a5f413f27', 'EMP-0208', 'PAOLA', 'ALESSANDRA ALVAREZ', 'paola.alvarez@lpdevelopment.com', '8-1011-1187', 'AGENTE DE RESERVAS', '2026-03-03', 'FEB', 'active'),
  ('17c62f29-f745-cf09-75f3-44363293bc40', 'a885615c-e839-963a-17a9-57ed1779cb8c', 'b28dd0e4-7e8d-636c-be89-273a5f413f27', 'EMP-0209', 'TANIA', 'LISBETH VEGA CASTRO', 'tania.castro@lpdevelopment.com', '8-900-1964', 'ASISTENTE DE PRESUPUESTO', '2025-09-22', 'SEP', 'active'),
  ('71814546-f3b0-8038-d366-4581a04e0910', 'a885615c-e839-963a-17a9-57ed1779cb8c', 'fa533c63-5c95-dfdc-e51f-75ec919287a8', 'EMP-0210', 'BEY', 'MARIO DE LA GUARDIA', 'bey.guardia@lpdevelopment.com', '4-803-1371', 'INGENIERO AMBIENTAL', '2026-02-03', 'ENE', 'active'),
  ('b291ee9f-6857-8ede-2639-0843fbdc95b1', 'a885615c-e839-963a-17a9-57ed1779cb8c', 'fa533c63-5c95-dfdc-e51f-75ec919287a8', 'EMP-0211', 'VALERIN', 'PÉREZ', 'valerin.perez@lpdevelopment.com', '8-790-50', 'ASISTENTE DE TRAMITE', '2026-03-02', 'FEB', 'active'),
  ('7799593c-cda2-027f-be2e-a30eeadab7ff', '07748192-6f9b-0097-a92b-2a1d1365dcfd', '50085fbe-a7a4-5ebe-f4c2-b0a93e14e58a', 'EMP-0212', 'RAQUEL', 'SANCHEZ', 'raquel.sanchez@lpdevelopment.com', '8-793-928', 'INSPECTOR OBRA', '2014-04-23', 'MAR', 'active'),
  ('6f5e0773-0182-3a30-4de5-581ebbe4c15f', '06bc46b3-76c7-6129-6f91-06cfa19b92b2', '806ec1d8-ced0-8c8a-633d-d8766f26c781', 'EMP-0213', 'KILEY', 'HEROLD', 'kiley.herold@lpdevelopment.com', NULL, 'VENTAS INTERNACIONALES', NULL, NULL, 'active')
on conflict do nothing;

-- 5) Balances iniciales basados en 'Dias Pendientes' del archivo histórico
--    Para días positivos: accrued = días pendientes, used = 0 (saldo acumulado pendiente)
--    Para días negativos: accrued = 0, used = |valor| (sobregiro - tomaron más de lo causado)
insert into vacation_balances (company_id, employee_id, period_year, accrued_days, used_days, notes) values
  ('679e220b-f305-fa2a-4fca-ee49fb626dde', '223e0f01-a429-6dc1-fb04-c304b07a63f8', 2026, 30.0, 0, NULL),
  ('679e220b-f305-fa2a-4fca-ee49fb626dde', '292e887e-baf6-0da3-5d1d-1f5f083637bc', 2026, 60.0, 0, NULL),
  ('679e220b-f305-fa2a-4fca-ee49fb626dde', '07d7738b-be84-89ce-6f84-2f9122cc620d', 2026, 0.0, -0.0, NULL),
  ('37af5d88-b829-5fc4-aafb-c31b56066192', '59a423d4-bb58-c950-1083-b6a8afe65102', 2026, 0.0, -0.0, NULL),
  ('015e5880-437e-4d6e-96b9-949176294676', 'cf9a08a7-89a1-133e-6a41-787cbcbc1e55', 2026, 0.0, -0.0, NULL),
  ('015e5880-437e-4d6e-96b9-949176294676', '467ef68e-c7ba-2bf6-abba-81112ea7396a', 2026, 0.0, -0.0, NULL),
  ('015e5880-437e-4d6e-96b9-949176294676', '4e892c4e-db90-26bf-413f-354542983d81', 2026, 0.0, -0.0, NULL),
  ('015e5880-437e-4d6e-96b9-949176294676', '17129ce4-b477-63a6-7bbc-58a20ee49518', 2026, 45.0, 0, NULL),
  ('015e5880-437e-4d6e-96b9-949176294676', '8fc90d03-f8d5-ca6e-82c6-0c7c19f2de9b', 2026, 0.0, -0.0, NULL),
  ('015e5880-437e-4d6e-96b9-949176294676', '56e0c7a7-18ae-4e95-c46b-fed8842d0ccb', 2026, 0.0, -0.0, NULL),
  ('015e5880-437e-4d6e-96b9-949176294676', 'cce0c18e-475d-7381-338b-e55d398be582', 2026, 0.0, -0.0, NULL),
  ('015e5880-437e-4d6e-96b9-949176294676', '8a18410f-01b1-ed78-680d-83c72a758431', 2026, 0.0, -0.0, NULL),
  ('12f06974-9b15-97f0-faed-96c54163a00e', 'c64b6267-246c-e9dd-42eb-b9d0e3577b7f', 2026, 57.0, 0, NULL),
  ('12f06974-9b15-97f0-faed-96c54163a00e', 'a45c4573-b228-bd40-af8f-afa9cfc16ad8', 2026, 43.0, 0, NULL),
  ('12f06974-9b15-97f0-faed-96c54163a00e', 'caaf5995-cf1c-1870-12be-de4ff432b84c', 2026, 26.0, 0, NULL),
  ('12f06974-9b15-97f0-faed-96c54163a00e', 'fc8fedee-8a72-95ea-f553-c2b124011293', 2026, 0, 3.0, 'Sobregiro histórico: 3 días tomados en exceso. Verificar.'),
  ('12f06974-9b15-97f0-faed-96c54163a00e', 'ec7bc398-2fd4-b9c6-a185-00e1318fb63e', 2026, 107.0, 0, 'ALERTA Art. 59: 107 días pendientes = más de 2 períodos acumulados. Verificar notificación a MITRADEL.'),
  ('12f06974-9b15-97f0-faed-96c54163a00e', 'fd1d8f16-5c09-8a31-b2a3-9b4329fdd6a9', 2026, 38.0, 0, NULL),
  ('12f06974-9b15-97f0-faed-96c54163a00e', '8b5ff180-262e-7b01-af83-0ba2b7626c30', 2026, 10.0, 0, NULL),
  ('12f06974-9b15-97f0-faed-96c54163a00e', '493bda74-f619-7b2c-a545-9054171e5bad', 2026, 66.0, 0, 'ALERTA Art. 59: 66 días pendientes = más de 2 períodos acumulados. Verificar notificación a MITRADEL.'),
  ('12f06974-9b15-97f0-faed-96c54163a00e', 'cb31d48b-2a9b-a600-18f9-035f4b8dacfd', 2026, 24.0, 0, NULL),
  ('1bcf889b-a66e-2828-99e5-7b3a12ce8567', '46ff0081-5505-07af-1079-7ee48192b0fb', 2026, 158.0, 0, 'ALERTA Art. 59: 158 días pendientes = más de 2 períodos acumulados. Verificar notificación a MITRADEL.'),
  ('1bcf889b-a66e-2828-99e5-7b3a12ce8567', '28f0497d-c4f1-2066-83fd-635d61bf8bd5', 2026, 88.0, 0, 'ALERTA Art. 59: 88 días pendientes = más de 2 períodos acumulados. Verificar notificación a MITRADEL.'),
  ('1bcf889b-a66e-2828-99e5-7b3a12ce8567', '2913cb6a-64a8-c60d-7ef3-d5892df10862', 2026, 0.0, -0.0, NULL),
  ('9f2d1307-263b-9f27-d6d4-3acc20ae7f34', '23196ebe-7f60-7fb7-f39f-b7c74980fbb8', 2026, 27.0, 0, NULL),
  ('9f2d1307-263b-9f27-d6d4-3acc20ae7f34', '53c4b3f9-8918-86f7-e809-fb34c4068d28', 2026, 44.0, 0, NULL),
  ('9f2d1307-263b-9f27-d6d4-3acc20ae7f34', 'c25b99d8-f374-86a9-e34a-f16059579bb3', 2026, 25.0, 0, NULL),
  ('9f2d1307-263b-9f27-d6d4-3acc20ae7f34', '0eb488bc-013b-4394-88f2-60c31f9614c7', 2026, 24.0, 0, NULL),
  ('9f2d1307-263b-9f27-d6d4-3acc20ae7f34', '8b00e65f-4f9f-98a6-b3e7-537583663fae', 2026, 0, 8.0, 'Sobregiro histórico: 8 días tomados en exceso. Verificar.'),
  ('9f2d1307-263b-9f27-d6d4-3acc20ae7f34', '2b37a1c2-0155-185b-ee48-fdcd08e66a57', 2026, 69.0, 0, 'ALERTA Art. 59: 69 días pendientes = más de 2 períodos acumulados. Verificar notificación a MITRADEL.'),
  ('9f2d1307-263b-9f27-d6d4-3acc20ae7f34', '5d2964d0-e3b1-eda0-4cff-b3e8c0bb890b', 2026, 27.0, 0, NULL),
  ('9f2d1307-263b-9f27-d6d4-3acc20ae7f34', 'cac86d0d-4423-35f3-7fe6-d52da0c4cd93', 2026, 124.0, 0, 'ALERTA Art. 59: 124 días pendientes = más de 2 períodos acumulados. Verificar notificación a MITRADEL.'),
  ('9f2d1307-263b-9f27-d6d4-3acc20ae7f34', 'bdf7ff0a-a38c-63ec-f332-9ec39052e1f2', 2026, 11.0, 0, NULL),
  ('9f2d1307-263b-9f27-d6d4-3acc20ae7f34', '43374bc6-2217-c358-6f3e-6a1d5dd3e647', 2026, 0, 3.0, 'Sobregiro histórico: 3 días tomados en exceso. Verificar.'),
  ('9f2d1307-263b-9f27-d6d4-3acc20ae7f34', 'ee6adece-c263-ef80-dcae-274b87384a5d', 2026, 19.0, 0, NULL),
  ('9f2d1307-263b-9f27-d6d4-3acc20ae7f34', '51845854-1625-2b06-1d79-0449f997fe65', 2026, 26.0, 0, NULL),
  ('af9ac752-5bbc-adbc-e5ac-1be50ca0aaed', '3553b46a-cb71-b4b9-e661-e5ef9e078ab6', 2026, 13.0, 0, NULL),
  ('af9ac752-5bbc-adbc-e5ac-1be50ca0aaed', '226bf504-f9ba-44a6-e24f-1389d11591f4', 2026, 9.0, 0, NULL),
  ('af9ac752-5bbc-adbc-e5ac-1be50ca0aaed', '5e94f9e7-7142-96dd-9269-4983090ffd07', 2026, 14.0, 0, NULL),
  ('af9ac752-5bbc-adbc-e5ac-1be50ca0aaed', 'a15c8886-71d8-3e5b-0242-b1e3023cebfc', 2026, 0.0, -0.0, NULL),
  ('af9ac752-5bbc-adbc-e5ac-1be50ca0aaed', 'c5ce8064-0235-d7d5-559f-4a9cc4a4eb0b', 2026, 11.0, 0, NULL),
  ('af9ac752-5bbc-adbc-e5ac-1be50ca0aaed', '28ad5087-434f-4a7d-c5e5-c36382baaa91', 2026, 42.0, 0, NULL),
  ('af9ac752-5bbc-adbc-e5ac-1be50ca0aaed', '13b2c0b0-cd2f-b5d5-fd03-199d61214f65', 2026, 33.0, 0, NULL),
  ('af9ac752-5bbc-adbc-e5ac-1be50ca0aaed', '666f76a3-7926-56de-5654-75d0a592a9ce', 2026, 0, 4.0, 'Sobregiro histórico: 4 días tomados en exceso. Verificar.'),
  ('af9ac752-5bbc-adbc-e5ac-1be50ca0aaed', 'ee5fd300-a8ce-e846-da5a-087f565b3494', 2026, 0, 5.0, 'Sobregiro histórico: 5 días tomados en exceso. Verificar.'),
  ('af9ac752-5bbc-adbc-e5ac-1be50ca0aaed', '6456d4d4-ac54-2dfd-9bbf-f40d6814e2ac', 2026, 0.0, -0.0, NULL),
  ('af9ac752-5bbc-adbc-e5ac-1be50ca0aaed', '08b280d2-c1fa-8a4a-dd56-0d1abc4f2ce4', 2026, 0.0, -0.0, NULL),
  ('8deffeee-8c21-9368-9a4e-597ba9db1297', '27291d71-bdbd-028b-c268-5f327655a453', 2026, 52.0, 0, NULL),
  ('8deffeee-8c21-9368-9a4e-597ba9db1297', '7445a627-2069-8498-eb78-8bb4dd08693b', 2026, 39.0, 0, NULL),
  ('8deffeee-8c21-9368-9a4e-597ba9db1297', '10c1f72f-58d5-ec0d-4b71-a89915dfbbd5', 2026, 24.0, 0, NULL),
  ('8deffeee-8c21-9368-9a4e-597ba9db1297', 'c77b09ed-a58c-95b0-9885-950082bac480', 2026, 30.0, 0, NULL),
  ('8deffeee-8c21-9368-9a4e-597ba9db1297', '01bb453b-70c3-82f8-29d5-97ab857c672d', 2026, 23.0, 0, NULL),
  ('8deffeee-8c21-9368-9a4e-597ba9db1297', 'd5ae9bf9-6496-fc2a-84fa-2095e13c3360', 2026, 0, 4.0, 'Sobregiro histórico: 4 días tomados en exceso. Verificar.'),
  ('8deffeee-8c21-9368-9a4e-597ba9db1297', 'f1a17e78-f313-119a-d503-58730a841b48', 2026, 17.0, 0, NULL),
  ('8deffeee-8c21-9368-9a4e-597ba9db1297', '09f208b9-4d39-5224-0b5c-700957650d85', 2026, 15.0, 0, NULL),
  ('8deffeee-8c21-9368-9a4e-597ba9db1297', '03488d56-c888-3877-6725-4541d3d9a3a6', 2026, 26.0, 0, NULL),
  ('f50f4062-44f3-7733-054b-92cb1b95bb38', 'bc20ff12-182d-93b6-84b9-50f5f9a07491', 2026, 32.0, 0, NULL),
  ('f50f4062-44f3-7733-054b-92cb1b95bb38', 'ac4fa6aa-e68c-c738-4f3d-785c2b1bc66e', 2026, 25.0, 0, NULL),
  ('f50f4062-44f3-7733-054b-92cb1b95bb38', 'd917f98c-473c-7385-ba67-5cb4dfa506c8', 2026, 0, 3.0, 'Sobregiro histórico: 3 días tomados en exceso. Verificar.'),
  ('f50f4062-44f3-7733-054b-92cb1b95bb38', '3b43ef1f-142f-c3fc-d9d2-be37427edb7c', 2026, 58.0, 0, NULL),
  ('f50f4062-44f3-7733-054b-92cb1b95bb38', '16c26e7b-836e-d161-43f6-af40f848fed1', 2026, 26.0, 0, NULL),
  ('f50f4062-44f3-7733-054b-92cb1b95bb38', '17ad99ab-51cf-e79b-f9a7-ad0fb56057cd', 2026, 17.0, 0, NULL),
  ('f50f4062-44f3-7733-054b-92cb1b95bb38', 'a93b7e46-b962-198c-79da-7ab979d5d108', 2026, 0.0, -0.0, NULL),
  ('f50f4062-44f3-7733-054b-92cb1b95bb38', 'c0d10ba8-7293-2059-fae4-02a70ed485e1', 2026, 27.0, 0, NULL),
  ('f50f4062-44f3-7733-054b-92cb1b95bb38', '9820a4ed-74ff-ee6c-5df5-d007f021ee1b', 2026, 26.0, 0, NULL),
  ('f50f4062-44f3-7733-054b-92cb1b95bb38', '573b7789-5384-e0b8-e83e-491f19916649', 2026, 21.0, 0, NULL),
  ('f50f4062-44f3-7733-054b-92cb1b95bb38', 'f07f0b03-f60a-4304-b37f-d8f8f0e85afb', 2026, 67.0, 0, 'ALERTA Art. 59: 67 días pendientes = más de 2 períodos acumulados. Verificar notificación a MITRADEL.'),
  ('f50f4062-44f3-7733-054b-92cb1b95bb38', 'd7e1aa07-002c-cb19-8c0f-d99f84bcfc57', 2026, 40.0, 0, NULL),
  ('f50f4062-44f3-7733-054b-92cb1b95bb38', '264c7c73-997d-9a00-5445-428bedf8e105', 2026, 12.0, 0, NULL),
  ('f50f4062-44f3-7733-054b-92cb1b95bb38', 'cf301adc-ddef-9a03-ebd2-4ad3ac855d0c', 2026, 0.0, -0.0, NULL),
  ('f50f4062-44f3-7733-054b-92cb1b95bb38', 'dcb46f87-a27a-3dc7-c804-a0c0b5cba609', 2026, 0.0, -0.0, NULL),
  ('f50f4062-44f3-7733-054b-92cb1b95bb38', '09c6f94e-153e-73ee-b45c-5e11921a3db6', 2026, 32.0, 0, NULL),
  ('f50f4062-44f3-7733-054b-92cb1b95bb38', 'eff8ed58-8acf-fab2-4e79-28c5212de0d9', 2026, 0.0, -0.0, NULL),
  ('f50f4062-44f3-7733-054b-92cb1b95bb38', '40e63c43-ca6e-c063-f634-3908da00e124', 2026, 27.0, 0, NULL),
  ('f50f4062-44f3-7733-054b-92cb1b95bb38', '58db6560-81cd-bee3-ada0-b3fa24e7976a', 2026, 26.0, 0, NULL),
  ('f50f4062-44f3-7733-054b-92cb1b95bb38', '5bdd7ac2-7b6e-93b9-dfda-1d913f594124', 2026, 98.0, 0, 'ALERTA Art. 59: 98 días pendientes = más de 2 períodos acumulados. Verificar notificación a MITRADEL.'),
  ('f50f4062-44f3-7733-054b-92cb1b95bb38', '05ec0a1a-7411-bbdf-66a6-2dd57db64752', 2026, 181.0, 0, 'ALERTA Art. 59: 181 días pendientes = más de 2 períodos acumulados. Verificar notificación a MITRADEL.'),
  ('f50f4062-44f3-7733-054b-92cb1b95bb38', '576658e0-c061-2bcf-347c-2549764b06ff', 2026, 0.0, -0.0, NULL),
  ('989d6e5a-8c15-a1fa-66c5-74bff86c8c6b', '502d282e-ba93-64e2-ce41-40af78b8adaf', 2026, 91.0, 0, 'ALERTA Art. 59: 91 días pendientes = más de 2 períodos acumulados. Verificar notificación a MITRADEL.'),
  ('989d6e5a-8c15-a1fa-66c5-74bff86c8c6b', 'b37d560e-9501-3112-0f87-3f951dca0c8a', 2026, 0, 3.0, 'Sobregiro histórico: 3 días tomados en exceso. Verificar.'),
  ('989d6e5a-8c15-a1fa-66c5-74bff86c8c6b', '8a149230-4c97-af66-392d-6e4ef3786561', 2026, 0, 3.0, 'Sobregiro histórico: 3 días tomados en exceso. Verificar.'),
  ('989d6e5a-8c15-a1fa-66c5-74bff86c8c6b', '031f3600-34c2-54c9-aaf3-cef345d1610f', 2026, 0.0, -0.0, NULL),
  ('989d6e5a-8c15-a1fa-66c5-74bff86c8c6b', '077da61a-3fa1-282c-d488-6fa294a61619', 2026, 0.0, -0.0, NULL),
  ('989d6e5a-8c15-a1fa-66c5-74bff86c8c6b', '0c034437-2118-c13d-b763-c95fb7e0fac1', 2026, 229.0, 0, 'ALERTA Art. 59: 229 días pendientes = más de 2 períodos acumulados. Verificar notificación a MITRADEL.'),
  ('989d6e5a-8c15-a1fa-66c5-74bff86c8c6b', '504a885c-323b-212a-6b62-14bd9a3288d0', 2026, 130.0, 0, 'ALERTA Art. 59: 130 días pendientes = más de 2 períodos acumulados. Verificar notificación a MITRADEL.'),
  ('989d6e5a-8c15-a1fa-66c5-74bff86c8c6b', '8b4534b8-64f2-1ec2-00a0-9f18196b9bba', 2026, 0, 3.0, 'Sobregiro histórico: 3 días tomados en exceso. Verificar.'),
  ('989d6e5a-8c15-a1fa-66c5-74bff86c8c6b', '5b78344d-9bf6-2999-a75a-17f9b0d39282', 2026, 35.0, 0, NULL),
  ('989d6e5a-8c15-a1fa-66c5-74bff86c8c6b', '376bdb8f-723d-41e9-0e6c-5cc74e74abe5', 2026, 50.0, 0, NULL),
  ('989d6e5a-8c15-a1fa-66c5-74bff86c8c6b', 'a723a194-276f-ce63-e5e0-5c14dd7075e7', 2026, 106.0, 0, 'ALERTA Art. 59: 106 días pendientes = más de 2 períodos acumulados. Verificar notificación a MITRADEL.'),
  ('989d6e5a-8c15-a1fa-66c5-74bff86c8c6b', '87acf877-10dc-c500-87f8-3c0acecef6e9', 2026, 47.0, 0, NULL),
  ('989d6e5a-8c15-a1fa-66c5-74bff86c8c6b', '58a6d1bc-7e1e-f11c-b99f-d4c1df7c75a2', 2026, 0, 5.0, 'Sobregiro histórico: 5 días tomados en exceso. Verificar.'),
  ('989d6e5a-8c15-a1fa-66c5-74bff86c8c6b', '371099fc-5a37-a012-deeb-fc088d9e6863', 2026, 61.0, 0, 'ALERTA Art. 59: 61 días pendientes = más de 2 períodos acumulados. Verificar notificación a MITRADEL.'),
  ('989d6e5a-8c15-a1fa-66c5-74bff86c8c6b', '9d6fa20c-7eb5-064c-24a0-a1bf7f77d352', 2026, 4.0, 0, NULL),
  ('989d6e5a-8c15-a1fa-66c5-74bff86c8c6b', 'cd44336e-39de-25f0-2e7f-e6f9b5ef9ea1', 2026, 5.0, 0, NULL),
  ('989d6e5a-8c15-a1fa-66c5-74bff86c8c6b', 'f6074bf7-431b-db99-b402-083ed99bf02c', 2026, 27.0, 0, NULL),
  ('989d6e5a-8c15-a1fa-66c5-74bff86c8c6b', '935c7abb-bbf6-6ab5-0778-2d377f9fecd0', 2026, 36.0, 0, NULL),
  ('989d6e5a-8c15-a1fa-66c5-74bff86c8c6b', '49caea74-2285-338a-e45a-8fb903be793a', 2026, 90.0, 0, 'ALERTA Art. 59: 90 días pendientes = más de 2 períodos acumulados. Verificar notificación a MITRADEL.'),
  ('989d6e5a-8c15-a1fa-66c5-74bff86c8c6b', '0d3ec8b7-6722-63fb-704e-d80dea7a587c', 2026, 0, 3.0, 'Sobregiro histórico: 3 días tomados en exceso. Verificar.'),
  ('989d6e5a-8c15-a1fa-66c5-74bff86c8c6b', '35d06fe5-8605-e3ab-3a9c-71207387b2d0', 2026, 40.0, 0, NULL),
  ('989d6e5a-8c15-a1fa-66c5-74bff86c8c6b', '6fd1f6b6-ebce-eab7-7201-34df3072082e', 2026, 28.0, 0, NULL),
  ('989d6e5a-8c15-a1fa-66c5-74bff86c8c6b', '5c950e81-6472-541d-0a69-3fc545a7a892', 2026, 30.0, 0, NULL),
  ('989d6e5a-8c15-a1fa-66c5-74bff86c8c6b', 'eabf8453-681a-8844-761d-7d6edc462a66', 2026, 0, 3.0, 'Sobregiro histórico: 3 días tomados en exceso. Verificar.'),
  ('989d6e5a-8c15-a1fa-66c5-74bff86c8c6b', 'c3f5bfe0-da40-f2b1-7be1-85b02ef40e69', 2026, 0, 3.0, 'Sobregiro histórico: 3 días tomados en exceso. Verificar.'),
  ('989d6e5a-8c15-a1fa-66c5-74bff86c8c6b', '2325d3ab-f9c5-8999-7b5b-964b2bf1d73c', 2026, 26.0, 0, NULL),
  ('989d6e5a-8c15-a1fa-66c5-74bff86c8c6b', 'b4c289bf-da6f-ea98-d554-8d9c941206ae', 2026, 37.0, 0, NULL),
  ('989d6e5a-8c15-a1fa-66c5-74bff86c8c6b', 'ced9c8c1-d999-80ec-b274-61c1a5a95cd5', 2026, 20.0, 0, NULL),
  ('989d6e5a-8c15-a1fa-66c5-74bff86c8c6b', '0b16a7d6-dbdb-c06b-f4a0-6bd71106364c', 2026, 0.0, -0.0, NULL),
  ('989d6e5a-8c15-a1fa-66c5-74bff86c8c6b', '6d7c90ab-56d6-e38c-2080-344f8d78ab9c', 2026, 0, 3.0, 'Sobregiro histórico: 3 días tomados en exceso. Verificar.'),
  ('989d6e5a-8c15-a1fa-66c5-74bff86c8c6b', 'f11966db-c3eb-5a15-142c-c2f721580055', 2026, 22.0, 0, NULL),
  ('989d6e5a-8c15-a1fa-66c5-74bff86c8c6b', '9c44555f-a3a2-8f75-adcb-d1c54048bb36', 2026, 0, 28.0, 'Sobregiro histórico: 28 días tomados en exceso. Verificar.'),
  ('989d6e5a-8c15-a1fa-66c5-74bff86c8c6b', '9e8c12dd-12fc-aec5-6366-5e17a9990836', 2026, 9.0, 0, NULL),
  ('989d6e5a-8c15-a1fa-66c5-74bff86c8c6b', '6b666a59-94ec-a4c5-6394-eee0088505b0', 2026, 26.0, 0, NULL),
  ('989d6e5a-8c15-a1fa-66c5-74bff86c8c6b', 'bf0068fa-d62c-b491-5b18-67609446e6f2', 2026, 27.0, 0, NULL),
  ('989d6e5a-8c15-a1fa-66c5-74bff86c8c6b', '018880d9-9f5e-8b30-b8af-18c53f889e9e', 2026, 43.0, 0, NULL),
  ('989d6e5a-8c15-a1fa-66c5-74bff86c8c6b', '8c662739-518d-d607-07bc-99974b567378', 2026, 23.0, 0, NULL),
  ('989d6e5a-8c15-a1fa-66c5-74bff86c8c6b', '87a1801d-9fb5-466f-dcea-920a6f8b9757', 2026, 0.0, -0.0, NULL),
  ('989d6e5a-8c15-a1fa-66c5-74bff86c8c6b', '2c982452-5874-e8ee-a265-d2d29437834c', 2026, 20.0, 0, NULL),
  ('989d6e5a-8c15-a1fa-66c5-74bff86c8c6b', '6fe360fa-68ae-fcfb-d069-dea9b58aa014', 2026, 3.0, 0, NULL),
  ('989d6e5a-8c15-a1fa-66c5-74bff86c8c6b', '13ae788d-6ac2-1f2f-cfc6-f56f595700cb', 2026, 30.0, 0, NULL),
  ('989d6e5a-8c15-a1fa-66c5-74bff86c8c6b', 'e1a2f34e-e213-37af-e745-e8dcd1d61f36', 2026, 112.0, 0, 'ALERTA Art. 59: 112 días pendientes = más de 2 períodos acumulados. Verificar notificación a MITRADEL.'),
  ('989d6e5a-8c15-a1fa-66c5-74bff86c8c6b', '3e38dfb8-888a-a7c8-a34c-1008de1956db', 2026, 40.0, 0, NULL),
  ('989d6e5a-8c15-a1fa-66c5-74bff86c8c6b', '7e9635dc-d09b-6df0-52fe-97ca77d7c494', 2026, 36.0, 0, NULL),
  ('989d6e5a-8c15-a1fa-66c5-74bff86c8c6b', '5baa6612-4737-acab-14ac-13e46d103606', 2026, 41.0, 0, NULL),
  ('989d6e5a-8c15-a1fa-66c5-74bff86c8c6b', 'c8d4c82a-14ae-0f0d-0285-1ff80d53e921', 2026, 40.0, 0, NULL),
  ('989d6e5a-8c15-a1fa-66c5-74bff86c8c6b', 'fb851f1c-8c2d-3656-30c9-ae624586eba8', 2026, 113.0, 0, 'ALERTA Art. 59: 113 días pendientes = más de 2 períodos acumulados. Verificar notificación a MITRADEL.'),
  ('989d6e5a-8c15-a1fa-66c5-74bff86c8c6b', '382ffb29-b370-0faf-6bdc-692007d28767', 2026, 120.0, 0, 'ALERTA Art. 59: 120 días pendientes = más de 2 períodos acumulados. Verificar notificación a MITRADEL.'),
  ('989d6e5a-8c15-a1fa-66c5-74bff86c8c6b', '83b9a5cc-3996-9045-2dcb-a81b7327b862', 2026, 29.0, 0, NULL),
  ('989d6e5a-8c15-a1fa-66c5-74bff86c8c6b', '5b2c1523-5d46-243b-764c-2e44a278cef4', 2026, 27.0, 0, NULL),
  ('989d6e5a-8c15-a1fa-66c5-74bff86c8c6b', 'a3de0db5-5ab8-3175-1348-171e69c09c60', 2026, 28.0, 0, NULL),
  ('989d6e5a-8c15-a1fa-66c5-74bff86c8c6b', '610f5007-eae6-f6ff-e3be-a76f7ed8763c', 2026, 29.0, 0, NULL),
  ('989d6e5a-8c15-a1fa-66c5-74bff86c8c6b', 'caf5824f-57b4-4b36-5f0e-b12bae3bff7e', 2026, 10.0, 0, NULL),
  ('989d6e5a-8c15-a1fa-66c5-74bff86c8c6b', 'f4d55efc-0fd6-1d94-cb8f-c9c38ee061ea', 2026, 25.0, 0, NULL),
  ('989d6e5a-8c15-a1fa-66c5-74bff86c8c6b', '8f923c0b-69b3-befe-6749-937b04406739', 2026, 0, 4.0, 'Sobregiro histórico: 4 días tomados en exceso. Verificar.'),
  ('989d6e5a-8c15-a1fa-66c5-74bff86c8c6b', 'b79bcaa7-d242-795b-7ff7-1a1dc3314a23', 2026, 6.0, 0, NULL),
  ('989d6e5a-8c15-a1fa-66c5-74bff86c8c6b', '2c4c0f75-def7-fc98-171a-62348a0a0a9a', 2026, 0.0, -0.0, NULL),
  ('989d6e5a-8c15-a1fa-66c5-74bff86c8c6b', '157c7af8-343f-dd7d-0299-57f1aebd95b6', 2026, 27.0, 0, NULL),
  ('989d6e5a-8c15-a1fa-66c5-74bff86c8c6b', '20a2b313-b848-0ebe-5f6a-5260827cbbb3', 2026, 27.0, 0, NULL),
  ('989d6e5a-8c15-a1fa-66c5-74bff86c8c6b', '4bd6c9fb-76eb-5ebf-0f16-894a35fd310b', 2026, 0.0, -0.0, NULL),
  ('989d6e5a-8c15-a1fa-66c5-74bff86c8c6b', 'f849d190-416b-a010-f778-79dd791b47f6', 2026, 26.0, 0, NULL),
  ('989d6e5a-8c15-a1fa-66c5-74bff86c8c6b', 'f205cc81-3adc-5d13-7d38-3bb2b49b2db2', 2026, 0, 2.0, 'Sobregiro histórico: 2 días tomados en exceso. Verificar.'),
  ('989d6e5a-8c15-a1fa-66c5-74bff86c8c6b', 'beb8b0d9-63b7-3701-ab5b-8a9d8ecc4d6e', 2026, 41.0, 0, NULL),
  ('989d6e5a-8c15-a1fa-66c5-74bff86c8c6b', '41c8b2d3-516f-637f-fba7-9270cce1fa9d', 2026, 0, 3.0, 'Sobregiro histórico: 3 días tomados en exceso. Verificar.'),
  ('989d6e5a-8c15-a1fa-66c5-74bff86c8c6b', '4bfaef84-cc2a-a5ac-2c5a-551ad626f440', 2026, 0.0, -0.0, NULL),
  ('989d6e5a-8c15-a1fa-66c5-74bff86c8c6b', 'd577ebc7-258e-112e-8e38-99625a665b79', 2026, 126.0, 0, 'ALERTA Art. 59: 126 días pendientes = más de 2 períodos acumulados. Verificar notificación a MITRADEL.'),
  ('989d6e5a-8c15-a1fa-66c5-74bff86c8c6b', 'a912b070-877a-6a73-0c68-4166c3040dba', 2026, 0, 3.0, 'Sobregiro histórico: 3 días tomados en exceso. Verificar.'),
  ('989d6e5a-8c15-a1fa-66c5-74bff86c8c6b', 'f96872d2-6ac3-a5fa-b05e-db2c89f1eee2', 2026, 34.0, 0, NULL),
  ('989d6e5a-8c15-a1fa-66c5-74bff86c8c6b', 'ca1a7c21-f0b0-091c-7ee9-703167fcfacb', 2026, 23.0, 0, NULL),
  ('989d6e5a-8c15-a1fa-66c5-74bff86c8c6b', '0a6ada93-6ac8-1943-866f-ced20f954ad6', 2026, 24.0, 0, NULL),
  ('989d6e5a-8c15-a1fa-66c5-74bff86c8c6b', '121b75ee-485b-301e-230b-b0e33c3f8c9b', 2026, 0, 6.0, 'Sobregiro histórico: 6 días tomados en exceso. Verificar.'),
  ('989d6e5a-8c15-a1fa-66c5-74bff86c8c6b', '0e341304-39a0-ea2f-0da4-96055c5d875f', 2026, 35.0, 0, NULL),
  ('989d6e5a-8c15-a1fa-66c5-74bff86c8c6b', '40f657df-4209-ad48-2e76-15d097f0de0d', 2026, 0.0, -0.0, NULL),
  ('989d6e5a-8c15-a1fa-66c5-74bff86c8c6b', '1f390718-c59d-225d-fb26-99d5fba525de', 2026, 12.0, 0, NULL),
  ('989d6e5a-8c15-a1fa-66c5-74bff86c8c6b', '62cbdc57-4367-c6a6-eda6-f5a54e182839', 2026, 30.0, 0, NULL),
  ('989d6e5a-8c15-a1fa-66c5-74bff86c8c6b', '7b5c8b8f-8d4d-fcb6-2802-7e8c8fef8f7e', 2026, 43.0, 0, NULL),
  ('989d6e5a-8c15-a1fa-66c5-74bff86c8c6b', '049997a1-4baa-2c5b-8cc6-060e6790e750', 2026, 24.0, 0, NULL),
  ('989d6e5a-8c15-a1fa-66c5-74bff86c8c6b', 'd9c20d88-974a-f636-3169-32edaaaac1b0', 2026, 27.0, 0, NULL),
  ('989d6e5a-8c15-a1fa-66c5-74bff86c8c6b', 'cb244a2a-0f73-8c30-2150-e530f975c055', 2026, 0, 2.0, 'Sobregiro histórico: 2 días tomados en exceso. Verificar.'),
  ('989d6e5a-8c15-a1fa-66c5-74bff86c8c6b', '6be2352d-c970-dc0a-9fc9-7ec8fd5e1e91', 2026, 0, 3.0, 'Sobregiro histórico: 3 días tomados en exceso. Verificar.'),
  ('989d6e5a-8c15-a1fa-66c5-74bff86c8c6b', '178c4026-57f0-907a-5864-de7f493a6114', 2026, 0, 3.0, 'Sobregiro histórico: 3 días tomados en exceso. Verificar.'),
  ('989d6e5a-8c15-a1fa-66c5-74bff86c8c6b', '61ab3659-d9bd-d7e2-92c3-5e13d9dd6638', 2026, 0.0, -0.0, NULL),
  ('742ce926-ed52-ed75-03f4-4d9ce82f2664', '5b4a331b-b333-162e-325c-9b64702555e8', 2026, 0, 6.0, 'Sobregiro histórico: 6 días tomados en exceso. Verificar.'),
  ('742ce926-ed52-ed75-03f4-4d9ce82f2664', '7c2a2889-ebda-2691-ec7d-39039281a91c', 2026, 12.0, 0, NULL),
  ('a885615c-e839-963a-17a9-57ed1779cb8c', '0c550d73-cd47-6711-9f19-f269b95f26b5', 2026, 43.0, 0, NULL),
  ('a885615c-e839-963a-17a9-57ed1779cb8c', '485a4966-cc64-8c01-1df4-b6f428cfde34', 2026, 29.0, 0, NULL),
  ('a885615c-e839-963a-17a9-57ed1779cb8c', 'a939e197-8479-c7d0-02c1-098fc1fccb50', 2026, 38.0, 0, NULL),
  ('a885615c-e839-963a-17a9-57ed1779cb8c', 'd341e097-c57a-d32e-085a-d0eac85c8f81', 2026, 20.0, 0, NULL),
  ('a885615c-e839-963a-17a9-57ed1779cb8c', 'e6ca1c23-5872-6275-b7f8-c03314ad7ac9', 2026, 26.0, 0, NULL),
  ('a885615c-e839-963a-17a9-57ed1779cb8c', '46394825-5610-5a7a-a240-cb74821b2e29', 2026, 18.0, 0, NULL),
  ('a885615c-e839-963a-17a9-57ed1779cb8c', 'b3a382eb-de5d-057e-c296-1d14aa480310', 2026, 55.0, 0, NULL),
  ('a885615c-e839-963a-17a9-57ed1779cb8c', '4ad0b197-34ab-d584-f8b1-de6f566332d1', 2026, 25.0, 0, NULL),
  ('a885615c-e839-963a-17a9-57ed1779cb8c', '356f51ea-b615-50fa-131b-8e3a1d75c890', 2026, 0, 6.0, 'Sobregiro histórico: 6 días tomados en exceso. Verificar.'),
  ('a885615c-e839-963a-17a9-57ed1779cb8c', '6fa3a04b-8f72-a340-2cdc-b04dc9422c2b', 2026, 26.0, 0, NULL),
  ('a885615c-e839-963a-17a9-57ed1779cb8c', 'fd76bb18-adce-cad7-00cf-2e23f9084433', 2026, 42.0, 0, NULL),
  ('a885615c-e839-963a-17a9-57ed1779cb8c', 'de4a9bc1-378d-02c2-9c2e-fb5dc343fd85', 2026, 0, 1.0, 'Sobregiro histórico: 1 días tomados en exceso. Verificar.'),
  ('a885615c-e839-963a-17a9-57ed1779cb8c', '3cba6166-fc83-6a7d-ad6a-c0690aa7288f', 2026, 15.0, 0, NULL),
  ('a885615c-e839-963a-17a9-57ed1779cb8c', '2b78a150-c06d-51fb-bf0b-20a77d0b5fd7', 2026, 0, 7.0, 'Sobregiro histórico: 7 días tomados en exceso. Verificar.'),
  ('a885615c-e839-963a-17a9-57ed1779cb8c', '8e36364e-72ed-a245-e082-b66355b94549', 2026, 9.0, 0, NULL),
  ('a885615c-e839-963a-17a9-57ed1779cb8c', '9e66a505-55fe-dfd1-eb97-ef3f2eade1d2', 2026, 0.0, -0.0, NULL),
  ('a885615c-e839-963a-17a9-57ed1779cb8c', '5214dd8e-d499-b92f-9ebb-09bd7584e0f0', 2026, 0, 3.0, 'Sobregiro histórico: 3 días tomados en exceso. Verificar.'),
  ('a885615c-e839-963a-17a9-57ed1779cb8c', '437e6d4b-beb0-7628-9f1a-154f6bfa6c1d', 2026, 10.0, 0, NULL),
  ('a885615c-e839-963a-17a9-57ed1779cb8c', '35598090-7a48-aca3-1903-6156b60f4eff', 2026, 12.0, 0, NULL),
  ('a885615c-e839-963a-17a9-57ed1779cb8c', 'c07610fb-f93c-282c-5a74-93b1da10c7af', 2026, 57.0, 0, NULL),
  ('a885615c-e839-963a-17a9-57ed1779cb8c', '9e4dbb13-8437-2d16-bf9c-277a80174b90', 2026, 195.0, 0, 'ALERTA Art. 59: 195 días pendientes = más de 2 períodos acumulados. Verificar notificación a MITRADEL.'),
  ('a885615c-e839-963a-17a9-57ed1779cb8c', '58974dbb-4080-e0fc-2869-b28a10822162', 2026, 26.0, 0, NULL),
  ('a885615c-e839-963a-17a9-57ed1779cb8c', '9a7c4f69-1e07-aac4-8088-8dd2a25566ac', 2026, 57.0, 0, NULL),
  ('a885615c-e839-963a-17a9-57ed1779cb8c', '3ddcf7ad-19a5-b764-4e1d-7c46dd58ca29', 2026, 0.0, -0.0, NULL),
  ('a885615c-e839-963a-17a9-57ed1779cb8c', 'd5ac7fbf-52af-252f-76e7-7a9a9013a608', 2026, 0, 4.0, 'Sobregiro histórico: 4 días tomados en exceso. Verificar.'),
  ('a885615c-e839-963a-17a9-57ed1779cb8c', 'b338e503-d3f9-263d-654c-f27bd2ccb09f', 2026, 17.0, 0, NULL),
  ('a885615c-e839-963a-17a9-57ed1779cb8c', 'c6f80fc7-d7d2-17eb-ea20-81a22bae39ef', 2026, 0, 1.0, 'Sobregiro histórico: 1 días tomados en exceso. Verificar.'),
  ('a885615c-e839-963a-17a9-57ed1779cb8c', 'a4f616d2-007d-aa05-5f89-734260b3f1f1', 2026, 27.0, 0, NULL),
  ('a885615c-e839-963a-17a9-57ed1779cb8c', '4e69cf20-a437-2c3d-6483-aeea803e56c9', 2026, 10.0, 0, NULL),
  ('a885615c-e839-963a-17a9-57ed1779cb8c', '0565c7ea-6784-569d-0c0c-2db1b2fbdf80', 2026, 0, 8.0, 'Sobregiro histórico: 8 días tomados en exceso. Verificar.'),
  ('a885615c-e839-963a-17a9-57ed1779cb8c', '9677f4d4-51e1-3df8-c145-f41401549388', 2026, 0, 6.0, 'Sobregiro histórico: 6 días tomados en exceso. Verificar.'),
  ('a885615c-e839-963a-17a9-57ed1779cb8c', 'b85448b9-cce7-c109-bff4-70dfd69ff4c0', 2026, 0, 7.0, 'Sobregiro histórico: 7 días tomados en exceso. Verificar.'),
  ('a885615c-e839-963a-17a9-57ed1779cb8c', 'de2672a8-31eb-8dd1-6c7a-a78337351152', 2026, 0, 7.0, 'Sobregiro histórico: 7 días tomados en exceso. Verificar.'),
  ('a885615c-e839-963a-17a9-57ed1779cb8c', 'dc311371-7c39-c98d-5595-8a81b692b53a', 2026, 10.0, 0, NULL),
  ('a885615c-e839-963a-17a9-57ed1779cb8c', '1c013c3d-37dc-3d2c-4151-7d0bb1e27083', 2026, 0, 8.0, 'Sobregiro histórico: 8 días tomados en exceso. Verificar.'),
  ('a885615c-e839-963a-17a9-57ed1779cb8c', '40601d3f-c69b-ee19-779e-86088dc49b77', 2026, 24.0, 0, NULL),
  ('a885615c-e839-963a-17a9-57ed1779cb8c', '3190ebc5-779a-6166-c131-cf6db3024e0c', 2026, 26.0, 0, NULL),
  ('a885615c-e839-963a-17a9-57ed1779cb8c', '1eff174b-2455-218d-b9e3-1aa4c27cd1b4', 2026, 0, 1.0, 'Sobregiro histórico: 1 días tomados en exceso. Verificar.'),
  ('a885615c-e839-963a-17a9-57ed1779cb8c', 'ba2951ec-a920-49d7-202e-9ec90ce9ef35', 2026, 0.0, -0.0, NULL),
  ('a885615c-e839-963a-17a9-57ed1779cb8c', '2661c3fb-0451-ecae-646a-8b31e4776450', 2026, 0.0, -0.0, NULL),
  ('a885615c-e839-963a-17a9-57ed1779cb8c', '55e55c5e-ebcf-d539-858d-22eccd07eb19', 2026, 0.0, -0.0, NULL),
  ('a885615c-e839-963a-17a9-57ed1779cb8c', '1591458e-d83e-6b10-6c55-2fc474d905d3', 2026, 0, 1.0, 'Sobregiro histórico: 1 días tomados en exceso. Verificar.'),
  ('a885615c-e839-963a-17a9-57ed1779cb8c', '153c44a2-67fa-20c6-34e7-24fae56f1179', 2026, 0.0, -0.0, NULL),
  ('a885615c-e839-963a-17a9-57ed1779cb8c', 'c2dae8be-33b9-09f9-024b-ce36b1bbf1c9', 2026, 0, 1.0, 'Sobregiro histórico: 1 días tomados en exceso. Verificar.'),
  ('a885615c-e839-963a-17a9-57ed1779cb8c', '42ad8810-5661-2655-62f4-3da195b93b9a', 2026, 0.0, -0.0, NULL),
  ('a885615c-e839-963a-17a9-57ed1779cb8c', '17c62f29-f745-cf09-75f3-44363293bc40', 2026, 0, 1.0, 'Sobregiro histórico: 1 días tomados en exceso. Verificar.'),
  ('a885615c-e839-963a-17a9-57ed1779cb8c', '71814546-f3b0-8038-d366-4581a04e0910', 2026, 0.0, -0.0, NULL),
  ('a885615c-e839-963a-17a9-57ed1779cb8c', 'b291ee9f-6857-8ede-2639-0843fbdc95b1', 2026, 0.0, -0.0, NULL),
  ('07748192-6f9b-0097-a92b-2a1d1365dcfd', '7799593c-cda2-027f-be2e-a30eeadab7ff', 2026, 40.0, 0, NULL),
  ('06bc46b3-76c7-6129-6f91-06cfa19b92b2', '6f5e0773-0182-3a30-4de5-581ebbe4c15f', 2026, 29.0, 0, NULL)
on conflict do nothing;
